C101_200_100.csv,obj,"(829.0100000000001, 829.0100000000001)","(896.04, 894.8199999999999)","(833.31, 833.31)","(957.55, 938.44)","(894.8199999999999, 894.8199999999999)","(957.5500000000002, 932.3299999999999)","(838.14, 838.14)","(893.7, 893.34)","(934.99, 924.44)","(894.8199999999999, 894.8199999999999)","(894.8199999999999, 894.8199999999999)","(894.8199999999999, 894.8199999999999)","(959.07, 939.1999999999999)","(833.31, 833.31)","(833.3100000000001, 833.3100000000001)","(833.31, 833.31)","(957.9899999999999, 948.85)","(900.19, 899.3900000000001)","(894.8200000000002, 894.8200000000002)","(833.31, 833.31)"
C101_200_100.csv,time,"(97.45332455635071, 98.63064932823181)","(55.288739919662476, 57.491992473602295)","(61.78789448738098, 62.7984824180603)","(63.77600860595703, 67.00162744522095)","(72.94801378250122, 75.94560956954956)","(36.86038041114807, 39.72992944717407)","(72.84351468086243, 73.83444118499756)","(46.54005479812622, 48.32629323005676)","(41.18177151679993, 43.58001470565796)","(131.63090753555298, 135.40079879760742)","(64.10001230239868, 66.58558320999146)","(83.47139883041382, 85.80902147293091)","(58.630035638809204, 61.45149612426758)","(90.16603803634644, 91.2596161365509)","(100.02945852279663, 101.09677386283875)","(89.48194313049316, 90.5218505859375)","(53.017547845840454, 56.80751276016235)","(73.07956957817078, 75.42901921272278)","(62.47865867614746, 64.47376680374146)","(64.8571207523346, 65.8672046661377)"
C102_200_100.csv,obj,"(839.4899999999999, 839.4899999999999)","(848.78, 848.78)","(839.0699999999999, 839.0699999999999)","(904.5600000000002, 904.5600000000002)","(908.4300000000001, 908.4300000000001)","(908.04, 908.04)","(940.2099999999998, 940.2099999999998)","(843.06, 843.06)","(833.57, 833.57)","(841.2, 841.2)","(846.7, 846.7)","(842.12, 842.12)","(862.63, 862.63)","(841.99, 841.99)","(838.4799999999999, 838.4799999999999)","(900.1500000000001, 900.1500000000001)","(845.58, 845.58)","(842.21, 842.21)","(838.48, 838.48)","(841.1100000000001, 841.1100000000001)"
C102_200_100.csv,time,"(146.04166793823242, 147.05917620658875)","(82.63756227493286, 83.51079797744751)","(114.41740441322327, 115.39004158973694)","(105.17709684371948, 107.57429766654968)","(78.28274035453796, 80.56827354431152)","(73.7609395980835, 76.41813611984253)","(76.46804785728455, 78.6416232585907)","(74.22902226448059, 75.11217093467712)","(129.9205870628357, 130.8216495513916)","(124.56497693061829, 125.50196051597595)","(71.70971703529358, 72.55373334884644)","(100.65507864952087, 101.57773280143738)","(62.9116325378418, 63.84880304336548)","(151.1331341266632, 152.13799023628235)","(157.89342498779297, 158.8612024784088)","(78.2731409072876, 81.11675095558167)","(184.82913255691528, 186.02388191223145)","(176.26045393943787, 177.22621536254883)","(298.95740389823914, 300.0587828159332)","(175.677312374115, 176.63850378990173)"
C103_200_100.csv,obj,"(986.2900000000001, 970.41)","(840.9000000000001, 840.9000000000001)","(980.1100000000001, 958.51)","(877.6, 877.6)","(851.0699999999999, 851.0699999999999)","(841.89, 841.89)","(917.7, 914.48)","(919.07, 919.07)","(841.3600000000001, 841.3600000000001)","(854.7499999999999, 854.7499999999999)","(964.26, 960.8900000000001)","(967.06, 941.63)","(849.11, 849.11)","(883.9499999999999, 883.9499999999999)","(854.2000000000002, 854.2000000000002)","(843.94, 843.94)","(926.09, 917.5100000000001)","(900.86, 900.86)","(848.7900000000001, 848.7900000000001)","(881.0999999999999, 881.0999999999999)"
C103_200_100.csv,time,"(63.22915744781494, 65.8006956577301)","(164.70882606506348, 165.9737901687622)","(100.37253189086914, 104.59132146835327)","(91.32912683486938, 93.1920645236969)","(115.71882057189941, 116.91701674461365)","(200.8629515171051, 202.14054489135742)","(68.9991807937622, 71.61195397377014)","(108.25696229934692, 110.20007514953613)","(121.53132462501526, 122.75042343139648)","(98.17945265769958, 99.34140682220459)","(57.21521258354187, 61.056477546691895)","(70.88331937789917, 74.81168794631958)","(76.3444344997406, 77.51824760437012)","(77.09924149513245, 80.65180826187134)","(97.20036196708679, 98.38939309120178)","(130.1618413925171, 131.29770588874817)","(80.38444566726685, 82.59765887260437)","(108.40931820869446, 110.78010582923889)","(143.77713799476624, 145.0882008075714)","(110.97083020210266, 112.86211276054382)"
C104_200_100.csv,obj,"(901.3700000000001, 901.3700000000001)","(911.69, 911.69)","(941.6899999999998, 941.6899999999998)","(966.0699999999999, 939.2700000000001)","(907.99, 907.99)","(847.8500000000001, 847.8500000000001)","(914.24, 914.24)","(848.25, 848.25)","(957.2, 934.97)","(834.12, 834.12)","(884.3399999999999, 884.3399999999999)","(958.22, 933.5699999999999)","(949.34, 944.0899999999998)","(960.81, 942.07)","(846.3800000000001, 846.3800000000001)","(900.5000000000001, 900.5000000000001)","(842.6600000000001, 842.6600000000001)","(860.1700000000001, 860.1700000000001)","(854.8199999999999, 854.8199999999999)","(845.0, 845.0)"
C104_200_100.csv,time,"(74.3402988910675, 76.09744358062744)","(101.47483348846436, 103.66170930862427)","(129.65110063552856, 132.4143350124359)","(131.32940220832825, 133.95986485481262)","(93.14727735519409, 96.66472935676575)","(162.92259788513184, 163.6016833782196)","(72.65424656867981, 74.73745346069336)","(94.21664428710938, 94.84649562835693)","(105.5736403465271, 107.9833436012268)","(144.5670747756958, 145.45287680625916)","(109.73635363578796, 112.1029942035675)","(99.25235962867737, 101.88737344741821)","(101.08040928840637, 102.61798357963562)","(67.13482713699341, 68.48147940635681)","(113.85951972007751, 114.57650232315063)","(85.10897135734558, 86.33561992645264)","(175.39112639427185, 176.09303498268127)","(131.58151984214783, 132.4016227722168)","(91.83972263336182, 92.33929920196533)","(77.39437651634216, 78.05379939079285)"
C105_200_100.csv,obj,"(829.0100000000001, 829.0100000000001)","(829.01, 829.01)","(829.01, 829.01)","(834.8299999999999, 834.8299999999999)","(829.01, 829.01)","(829.01, 829.01)","(830.6099999999999, 830.6099999999999)","(829.01, 829.01)","(833.31, 833.31)","(829.0099999999999, 829.0099999999999)","(829.0099999999998, 829.0099999999998)","(830.61, 830.61)","(829.0099999999999, 829.0099999999999)","(829.0100000000001, 829.0100000000001)","(829.01, 829.01)","(834.8299999999999, 834.8299999999999)","(829.0100000000001, 829.0100000000001)","(829.01, 829.01)","(829.0099999999999, 829.0099999999999)","(829.0100000000001, 829.0100000000001)"
C105_200_100.csv,time,"(442.4226915836334, 444.0554060935974)","(451.51896476745605, 452.9229955673218)","(366.8133430480957, 368.2171890735626)","(221.54114317893982, 223.00914764404297)","(404.2132635116577, 405.5280442237854)","(420.31386280059814, 421.6251711845398)","(211.4609875679016, 212.82579374313354)","(386.4905824661255, 388.08802580833435)","(196.84277272224426, 198.33329582214355)","(265.4220778942108, 266.7857713699341)","(230.51506543159485, 231.93023204803467)","(153.51791667938232, 154.65291929244995)","(341.990159034729, 343.2856230735779)","(389.5938901901245, 390.8583707809448)","(336.1134819984436, 337.4103903770447)","(216.6663374900818, 217.94249320030212)","(374.53257393836975, 375.7968943119049)","(296.13469338417053, 297.25728058815)","(282.2654755115509, 283.44701743125916)","(303.1680073738098, 304.4755148887634)"
C106_200_100.csv,obj,"(831.3899999999999, 831.3899999999999)","(832.42, 832.42)","(829.01, 829.01)","(829.46, 829.46)","(833.29, 833.29)","(830.6099999999999, 830.6099999999999)","(969.19, 946.5)","(833.31, 833.31)","(917.68, 917.68)","(829.0099999999999, 829.0099999999999)","(829.4599999999998, 829.4599999999998)","(832.8399999999999, 832.8399999999999)","(833.29, 833.29)","(834.81, 834.81)","(829.01, 829.01)","(900.65, 900.65)","(832.5799999999999, 832.5799999999999)","(829.4599999999999, 829.4599999999999)","(830.45, 830.45)","(897.73, 897.73)"
C106_200_100.csv,time,"(83.32024478912354, 84.33999514579773)","(183.27065134048462, 184.50865364074707)","(176.81199288368225, 178.05696487426758)","(166.93354606628418, 168.05631351470947)","(193.00925850868225, 194.29174780845642)","(188.41986465454102, 189.6644184589386)","(51.966541051864624, 57.23162531852722)","(177.54111289978027, 178.9305739402771)","(59.118067502975464, 61.17117619514465)","(192.00015139579773, 193.22764945030212)","(208.10606145858765, 209.2238745689392)","(195.00548028945923, 196.07678198814392)","(154.22421407699585, 155.4078986644745)","(126.14776635169983, 127.26265144348145)","(290.4884147644043, 291.8772656917572)","(109.3466944694519, 113.10981440544128)","(144.95826148986816, 146.13335704803467)","(174.39680290222168, 175.50137639045715)","(162.80675077438354, 163.9121482372284)","(126.1159896850586, 129.0940477848053)"
C107_200_100.csv,obj,"(829.0099999999999, 829.0099999999999)","(829.01, 829.01)","(830.53, 830.53)","(829.01, 829.01)","(830.5300000000001, 830.5300000000001)","(829.0099999999999, 829.0099999999999)","(829.01, 829.01)","(829.0100000000001, 829.0100000000001)","(829.46, 829.46)","(829.01, 829.01)","(829.01, 829.01)","(829.01, 829.01)","(829.01, 829.01)","(830.53, 830.53)","(829.0099999999999, 829.0099999999999)","(829.4599999999999, 829.4599999999999)","(829.01, 829.01)","(829.46, 829.46)","(829.01, 829.01)","(830.53, 830.53)"
C107_200_100.csv,time,"(247.4949688911438, 248.8023853302002)","(321.5754511356354, 322.93235778808594)","(271.46292328834534, 272.9241256713867)","(394.7714695930481, 396.1721570491791)","(332.30442547798157, 333.8543314933777)","(350.90531754493713, 352.4482071399689)","(321.0276861190796, 322.3960964679718)","(285.9980511665344, 287.3985843658447)","(307.0406103134155, 308.55160570144653)","(266.70160841941833, 268.11313676834106)","(293.6354172229767, 294.9826066493988)","(272.6884768009186, 274.14208126068115)","(298.79007863998413, 300.09075713157654)","(314.035897731781, 315.43404841423035)","(332.23558831214905, 333.5651662349701)","(272.76809430122375, 274.231240272522)","(290.1749837398529, 291.55398869514465)","(329.8986620903015, 331.2847738265991)","(283.1287910938263, 284.382107257843)","(280.59754514694214, 281.8628191947937)"
C108_200_100.csv,obj,"(834.85, 834.85)","(829.01, 829.01)","(829.4599999999999, 829.4599999999999)","(830.2399999999999, 830.2399999999999)","(831.87, 831.87)","(829.4599999999999, 829.4599999999999)","(829.01, 829.01)","(829.4599999999999, 829.4599999999999)","(830.99, 830.99)","(834.6400000000001, 834.6400000000001)","(837.5600000000002, 837.5600000000002)","(829.3599999999999, 829.3599999999999)","(829.4599999999999, 829.4599999999999)","(836.95, 836.95)","(829.46, 829.46)","(829.46, 829.46)","(829.01, 829.01)","(834.64, 834.64)","(829.4599999999999, 829.4599999999999)","(829.46, 829.46)"
C108_200_100.csv,time,"(128.74751663208008, 130.06607842445374)","(254.85213589668274, 256.3544707298279)","(301.6864540576935, 303.0743992328644)","(225.74360418319702, 227.03220629692078)","(188.07667469978333, 189.48769307136536)","(234.73626828193665, 236.2564661502838)","(271.7028772830963, 273.16587233543396)","(292.1174759864807, 293.65095829963684)","(179.42730808258057, 180.92386865615845)","(191.33033967018127, 192.79551815986633)","(157.02629256248474, 158.41627311706543)","(253.0701723098755, 254.45644187927246)","(168.36740469932556, 169.65212869644165)","(113.03818345069885, 114.3581371307373)","(223.27245688438416, 224.5819263458252)","(249.49809551239014, 250.96085906028748)","(263.09189105033875, 264.58544754981995)","(210.66482615470886, 212.02145671844482)","(326.04558420181274, 327.4928979873657)","(300.63233041763306, 302.2173373699188)"
C109_200_100.csv,obj,"(837.46, 837.46)","(840.53, 840.53)","(901.0, 900.55)","(830.7, 830.7)","(831.8299999999999, 831.8299999999999)","(829.47, 829.47)","(834.5799999999999, 834.5799999999999)","(833.2300000000001, 833.2300000000001)","(832.7799999999999, 832.7799999999999)","(829.46, 829.46)","(836.61, 836.61)","(829.46, 829.46)","(831.1, 831.1)","(829.4599999999999, 829.4599999999999)","(835.97, 835.97)","(832.09, 832.09)","(829.8100000000001, 829.8100000000001)","(831.8200000000002, 831.8200000000002)","(830.86, 830.86)","(829.0099999999999, 829.0099999999999)"
C109_200_100.csv,time,"(66.68283557891846, 67.67690968513489)","(71.79478073120117, 72.75412487983704)","(55.315040588378906, 56.944069385528564)","(68.54522514343262, 69.51575827598572)","(130.9909312725067, 132.06772017478943)","(125.93372893333435, 126.99762606620789)","(94.25035333633423, 95.25193405151367)","(110.56314182281494, 111.65869450569153)","(127.79190635681152, 128.90228366851807)","(151.57026290893555, 152.6833918094635)","(104.26958537101746, 105.28069233894348)","(116.539466381073, 117.61065149307251)","(75.84953546524048, 76.82008814811707)","(109.08825945854187, 110.2103898525238)","(109.79605674743652, 110.86803960800171)","(82.17266798019409, 83.17349529266357)","(123.73500227928162, 124.82581186294556)","(109.22590565681458, 110.26921272277832)","(107.80878829956055, 108.85228705406189)","(115.50687432289124, 116.50742220878601)"
C201_700_100.csv,obj,"(591.5799999999999, 591.5799999999999)","(591.5799999999999, 591.5799999999999)","(591.5799999999999, 591.5799999999999)","(591.5799999999999, 591.5799999999999)","(591.5799999999999, 591.5799999999999)","(603.8999999999999, 603.8999999999999)","(591.5799999999999, 591.5799999999999)","(591.5799999999999, 591.5799999999999)","(591.5799999999999, 591.5799999999999)","(591.5799999999999, 591.5799999999999)","(591.5799999999998, 591.5799999999998)","(591.5799999999999, 591.5799999999999)","(591.5799999999999, 591.5799999999999)","(591.5799999999999, 591.5799999999999)","(591.58, 591.58)","(591.58, 591.58)","(591.5799999999999, 591.5799999999999)","(591.5799999999999, 591.5799999999999)","(591.5799999999998, 591.5799999999998)","(591.5799999999999, 591.5799999999999)"
C201_700_100.csv,time,"(411.8135402202606, 427.5191295146942)","(487.03891134262085, 502.9441809654236)","(314.349490404129, 330.05282068252563)","(424.5821611881256, 440.2763147354126)","(445.81358647346497, 461.5568549633026)","(78.55214834213257, 93.18375444412231)","(476.9972267150879, 492.83120250701904)","(461.7052676677704, 477.6218719482422)","(541.3543634414673, 556.8570716381073)","(485.55101227760315, 501.2606358528137)","(414.73518466949463, 430.4892921447754)","(379.5196964740753, 395.81403255462646)","(516.4671657085419, 532.4516038894653)","(464.5786018371582, 480.799578666687)","(468.8559670448303, 484.79561161994934)","(336.55273842811584, 352.4166293144226)","(387.6461033821106, 403.4599189758301)","(346.67722511291504, 362.3970742225647)","(766.8415625095367, 782.8120045661926)","(257.4994933605194, 272.88534593582153)"
C202_700_100.csv,obj,"(614.55, 614.55)","(591.5799999999998, 591.5799999999998)","(609.47, 609.47)","(591.5799999999999, 591.5799999999999)","(613.3299999999999, 613.3299999999999)","(591.5799999999999, 591.5799999999999)","(591.5799999999999, 591.5799999999999)","(591.5799999999999, 591.5799999999999)","(591.5799999999999, 591.5799999999999)","(591.5799999999998, 591.5799999999998)","(591.5799999999998, 591.5799999999998)","(591.5799999999999, 591.5799999999999)","(591.5799999999999, 591.5799999999999)","(591.5799999999999, 591.5799999999999)","(591.5799999999999, 591.5799999999999)","(611.52, 611.52)","(591.5799999999999, 591.5799999999999)","(591.5799999999999, 591.5799999999999)","(595.4099999999999, 595.4099999999999)","(591.5799999999999, 591.5799999999999)"
C202_700_100.csv,time,"(154.30203008651733, 213.54871940612793)","(683.0377171039581, 760.5611503124237)","(197.46061873435974, 254.4980742931366)","(770.4681401252747, 848.3705418109894)","(164.09266901016235, 230.16371774673462)","(648.79128241539, 717.0803201198578)","(988.7574188709259, 1081.496162891388)","(1604.841817855835, 1690.1601393222809)","(1437.471437215805, 1540.914180278778)","(677.4086973667145, 749.3044979572296)","(867.9247162342072, 946.3761579990387)","(1239.5870914459229, 1309.5051386356354)","(964.6661243438721, 1035.6997587680817)","(723.6653959751129, 793.8501417636871)","(967.9251368045807, 1075.848483800888)","(251.38766860961914, 324.1373863220215)","(1523.1721730232239, 1679.4817070960999)","(601.860965013504, 713.4055676460266)","(2008.7007901668549, 2219.370320558548)","(606.3466753959656, 713.8610060214996)"
C203_700_100.csv,obj,"(627.38, 627.38)","(597.8699999999999, 597.8699999999999)","(605.28, 605.28)","(610.1999999999998, 610.1999999999998)","(591.5799999999999, 591.5799999999999)","(628.22, 628.22)","(611.3599999999999, 611.3599999999999)","(594.0399999999998, 594.0399999999998)","(628.89, 628.89)","(591.1999999999999, 591.1999999999999)","(596.0, 596.0)","(591.2, 591.2)","(646.2599999999999, 638.3699999999999)","(595.5799999999999, 595.5799999999999)","(591.1999999999999, 591.1999999999999)","(591.1999999999998, 591.1999999999998)","(612.73, 612.73)","(594.93, 594.93)","(645.9899999999999, 631.7)","(595.41, 595.41)"
C203_700_100.csv,time,"(465.56100153923035, 509.10020327568054)","(1268.6594681739807, 1299.7778716087341)","(373.6075789928436, 565.4436342716217)","(459.75556659698486, 675.0304846763611)","(436.61839628219604, 472.65428948402405)","(302.43668699264526, 346.07543659210205)","(447.0976312160492, 557.6596698760986)","(630.8580913543701, 679.013925075531)","(246.10824370384216, 293.52295303344727)","(1076.477782011032, 1162.3387126922607)","(478.69427275657654, 517.0174286365509)","(690.4336376190186, 732.2769055366516)","(580.0031266212463, 794.2750291824341)","(2636.6100845336914, 2688.1262805461884)","(1619.578607082367, 1695.8944776058197)","(909.1507837772369, 958.7023410797119)","(406.35164523124695, 524.2828862667084)","(891.7253797054291, 941.7794542312622)","(499.97148537635803, 606.1519663333893)","(932.0959210395813, 982.0225911140442)"
C204_700_100.csv,obj,"(611.8099999999998, 611.8099999999998)","(645.63, 645.63)","(605.29, 605.29)","(614.3799999999999, 614.3799999999999)","(635.4999999999999, 635.4999999999999)","(596.5199999999999, 596.5199999999999)","(634.61, 634.61)","(639.9000000000001, 639.9000000000001)","(763.7199999999999, 733.1799999999998)","(601.79, 601.79)","(615.5, 615.5)","(613.23, 613.23)","(605.0600000000001, 605.0600000000001)","(597.9499999999999, 597.9499999999999)","(604.6399999999999, 604.6399999999999)","(646.25, 642.98)","(639.53, 639.53)","(608.0, 608.0)","(596.9, 596.9)","(640.28, 638.7)"
C204_700_100.csv,time,"(380.8593535423279, 395.3675026893616)","(602.8427295684814, 619.1071445941925)","(340.01209354400635, 352.4192941188812)","(473.8182349205017, 513.6104016304016)","(561.6369135379791, 577.4577753543854)","(1245.111871957779, 1259.6739218235016)","(595.6130030155182, 616.9847826957703)","(497.6018135547638, 513.3148009777069)","(599.2274663448334, 663.7598419189453)","(401.4882073402405, 415.46694707870483)","(365.904887676239, 387.85883712768555)","(428.3990354537964, 456.945463180542)","(432.2219018936157, 444.7003514766693)","(992.5434949398041, 1010.0767300128937)","(1042.696263551712, 1061.5398437976837)","(525.2632765769958, 541.9179975986481)","(537.8586268424988, 554.9523818492889)","(714.8138651847839, 729.2062380313873)","(722.6498625278473, 739.330638885498)","(377.0224015712738, 390.83648705482483)"
C205_700_100.csv,obj,"(594.3699999999999, 594.3699999999999)","(595.0899999999999, 595.0899999999999)","(591.18, 591.18)","(591.9099999999999, 591.9099999999999)","(593.2099999999999, 593.2099999999999)","(591.9099999999999, 591.9099999999999)","(592.2099999999999, 592.2099999999999)","(591.06, 591.06)","(593.8199999999999, 593.8199999999999)","(596.46, 596.46)","(591.29, 591.29)","(598.2199999999999, 598.2199999999999)","(600.8, 600.8)","(594.7299999999999, 594.7299999999999)","(594.38, 594.38)","(592.7199999999999, 592.7199999999999)","(593.6999999999998, 593.6999999999998)","(597.5799999999999, 597.5799999999999)","(597.68, 597.68)","(597.26, 597.26)"
C205_700_100.csv,time,"(756.0853316783905, 842.1046278476715)","(863.6430053710938, 951.9844841957092)","(745.8665895462036, 871.8589820861816)","(756.2547063827515, 849.6402244567871)","(777.2100954055786, 895.1715533733368)","(955.3375015258789, 1047.8166439533234)","(514.5566148757935, 580.9012696743011)","(960.6940281391144, 1124.676773071289)","(460.1841733455658, 547.7171330451965)","(564.1587479114532, 631.0369951725006)","(1024.0927395820618, 1119.4674253463745)","(368.4455587863922, 465.649049282074)","(337.6592891216278, 438.6696743965149)","(705.9782283306122, 874.7633187770844)","(775.4340023994446, 848.9443476200104)","(551.6088647842407, 639.6240890026093)","(470.22273230552673, 554.8396284580231)","(523.3028852939606, 587.5878455638885)","(750.6451234817505, 868.1429920196533)","(635.0458970069885, 718.3204877376556)"
C206_700_100.csv,obj,"(596.11, 596.11)","(592.31, 592.31)","(592.78, 592.78)","(593.77, 593.77)","(595.0, 595.0)","(600.1899999999999, 600.1899999999999)","(596.98, 596.98)","(593.55, 593.55)","(597.1599999999999, 597.1599999999999)","(596.43, 596.43)","(597.14, 597.14)","(589.9699999999998, 589.9699999999998)","(590.9399999999999, 590.9399999999999)","(594.67, 594.67)","(593.9099999999999, 593.9099999999999)","(588.9, 588.9)","(592.0999999999998, 592.0999999999998)","(590.8199999999999, 590.8199999999999)","(601.48, 601.48)","(593.6, 593.6)"
C206_700_100.csv,time,"(662.9859910011292, 821.7382888793945)","(1241.9028987884521, 1399.427536725998)","(1134.0300874710083, 1303.0612239837646)","(723.7179532051086, 895.7514934539795)","(702.9001841545105, 870.1751255989075)","(171.0485029220581, 398.2844567298889)","(1088.2810599803925, 1233.5318276882172)","(980.1500797271729, 1157.0409970283508)","(784.6464085578918, 975.5896060466766)","(933.0353856086731, 1119.095992565155)","(988.9450767040253, 1161.5787680149078)","(1515.7650191783905, 1705.1151378154755)","(1349.3527483940125, 1561.9796414375305)","(1387.9162454605103, 1774.5728242397308)","(1309.4749307632446, 1445.614512681961)","(1407.4970457553864, 1521.6225590705872)","(991.2511465549469, 1214.0840809345245)","(1406.0025436878204, 1751.665489435196)","(480.0671982765198, 628.2419502735138)","(1153.8637599945068, 1389.734026670456)"
C207_700_100.csv,obj,"(596.81, 596.81)","(601.0099999999999, 601.0099999999999)","(591.11, 591.11)","(598.31, 598.31)","(592.29, 592.29)","(591.1999999999998, 591.1999999999998)","(597.16, 597.16)","(595.73, 595.73)","(619.02, 619.02)","(609.3399999999999, 609.3399999999999)","(597.74, 597.74)","(601.98, 601.98)","(601.9999999999999, 601.9999999999999)","(597.56, 597.56)","(590.24, 590.24)","(595.25, 595.25)","(612.0899999999999, 612.0899999999999)","(595.88, 595.88)","(591.94, 591.94)","(598.9200000000001, 598.9200000000001)"
C207_700_100.csv,time,"(356.28418469429016, 1253.5846831798553)","(559.2774074077606, 1815.1977262496948)","(1083.029099702835, 2028.1089661121368)","(1140.5600516796112, 1958.3703212738037)","(757.2313461303711, 1506.1672825813293)","(949.5456907749176, 1656.1087865829468)","(919.102371931076, 1655.4341180324554)","(1730.452434539795, 2389.015833377838)","(251.58300614356995, 884.454904794693)","(210.87117624282837, 864.7723438739777)","(778.5351581573486, 1430.2266314029694)","(443.5709319114685, 1464.6260616779327)","(1180.5800950527191, 2341.4779031276703)","(536.6131370067596, 1529.5755686759949)","(1152.639975309372, 2263.7932908535004)","(714.415605545044, 1609.6024732589722)","(278.9389445781708, 1045.4506545066833)","(840.8904500007629, 2218.295233488083)","(1704.3428311347961, 2963.6262471675873)","(1076.6559166908264, 2361.970729827881)"
C208_700_100.csv,obj,"(596.7399999999999, 596.7399999999999)","(599.22, 599.22)","(597.0499999999998, 597.0499999999998)","(596.0899999999999, 596.0899999999999)","(591.93, 591.93)","(601.3, 601.3)","(594.06, 594.06)","(598.74, 598.74)","(593.6499999999999, 593.6499999999999)","(600.91, 600.91)","(592.9499999999999, 592.9499999999999)","(589.97, 589.97)","(593.7, 593.7)","(592.31, 592.31)","(614.2199999999999, 614.2199999999999)","(595.68, 595.68)","(589.84, 589.84)","(602.0600000000001, 602.0600000000001)","(598.1899999999999, 598.1899999999999)","(592.1899999999999, 592.1899999999999)"
C208_700_100.csv,time,"(826.0610473155975, 1304.9633767604828)","(784.3320348262787, 1317.5196623802185)","(935.2377741336823, 1415.800673007965)","(789.0555891990662, 1260.169634103775)","(795.2300224304199, 1264.4909331798553)","(378.63190031051636, 867.1308782100677)","(1038.0525469779968, 1546.6825692653656)","(563.8793151378632, 1058.8342454433441)","(1634.4176256656647, 2140.131203889847)","(622.9249567985535, 1094.3512518405914)","(856.710577249527, 1312.2674770355225)","(427.67139768600464, 886.860869884491)","(1016.1227152347565, 1471.3002841472626)","(1018.7032680511475, 1475.2403182983398)","(245.44891810417175, 1496.4862930774689)","(998.6968870162964, 1475.4833028316498)","(1186.6300036907196, 1636.403015613556)","(616.8321297168732, 1153.271808385849)","(798.0506370067596, 1292.6654722690582)","(851.6938512325287, 1337.2747564315796)"
R101_200_100.csv,obj,"(1646.8799999999997, 1646.8799999999997)","(1644.1000000000001, 1644.1000000000001)","(1646.51, 1646.51)","(1644.88, 1644.88)","(1644.3599999999997, 1644.3599999999997)","(1648.4600000000003, 1648.4600000000003)","(1653.1999999999998, 1653.1999999999998)","(1652.6100000000001, 1652.6100000000001)","(1644.3999999999999, 1644.3999999999999)","(1649.1100000000001, 1649.1100000000001)","(1643.94, 1643.94)","(1650.6000000000001, 1650.6000000000001)","(1656.22, 1656.22)","(1643.43, 1643.43)","(1655.3299999999997, 1655.3299999999997)","(1652.49, 1652.49)","(1654.11, 1654.11)","(1652.2599999999998, 1652.2599999999998)","(1655.45, 1655.45)","(1646.6699999999998, 1646.58)"
R101_200_100.csv,time,"(16.139469385147095, 16.91280961036682)","(14.6437509059906, 15.379116773605347)","(19.97174048423767, 20.772074699401855)","(16.644848346710205, 17.386680126190186)","(11.971907615661621, 12.425812005996704)","(28.459805011749268, 29.80426859855652)","(17.776288747787476, 19.01915955543518)","(15.74697732925415, 16.691117763519287)","(18.843839406967163, 19.90695023536682)","(25.20149850845337, 25.748974561691284)","(16.96834707260132, 17.843959093093872)","(19.34817671775818, 20.75114607810974)","(15.820161581039429, 16.76017117500305)","(17.87245798110962, 18.45060443878174)","(10.467596530914307, 11.838744640350342)","(11.277271032333374, 12.212178707122803)","(13.117723941802979, 13.92737865447998)","(21.04305863380432, 21.818849325180054)","(12.445886611938477, 13.133415699005127)","(17.05193281173706, 17.755653619766235)"
R102_200_100.csv,obj,"(1482.3899999999999, 1482.3899999999999)","(1477.2400000000002, 1477.2400000000002)","(1480.94, 1480.94)","(1477.6699999999998, 1477.6699999999998)","(1477.3300000000002, 1477.3300000000002)","(1478.1599999999999, 1478.1599999999999)","(1478.3799999999999, 1478.3799999999999)","(1477.1799999999998, 1477.1799999999998)","(1479.27, 1479.27)","(1483.88, 1483.88)","(1478.6399999999999, 1478.6399999999999)","(1479.62, 1479.62)","(1480.5900000000001, 1480.5900000000001)","(1476.0600000000004, 1476.0600000000004)","(1478.2, 1478.2)","(1481.3700000000001, 1481.3700000000001)","(1476.82, 1476.82)","(1481.62, 1481.62)","(1478.15, 1478.15)","(1478.4399999999998, 1478.4399999999998)"
R102_200_100.csv,time,"(45.891443967819214, 47.196391582489014)","(51.55831694602966, 53.09406137466431)","(43.484967947006226, 44.80479955673218)","(34.741355180740356, 35.538875579833984)","(30.66892409324646, 31.215807914733887)","(31.834211587905884, 32.79429316520691)","(39.72326064109802, 40.90539026260376)","(49.459370613098145, 50.375871658325195)","(42.61230444908142, 43.728102684020996)","(52.192933082580566, 53.70311760902405)","(38.23087692260742, 39.59508275985718)","(28.977412223815918, 29.721909284591675)","(34.10739493370056, 35.08639669418335)","(55.29655647277832, 56.15040850639343)","(53.8222439289093, 55.961671113967896)","(44.897993326187134, 46.4340398311615)","(54.9998414516449, 56.72973108291626)","(59.7821991443634, 61.519700050354004)","(57.600506067276, 59.89780521392822)","(62.68863081932068, 64.4969003200531)"
R103_200_100.csv,obj,"(1276.1100000000001, 1258.33)","(1253.15, 1243.69)","(1271.77, 1271.77)","(1247.5, 1247.5)","(1245.1999999999998, 1245.1999999999998)","(1244.58, 1244.58)","(1293.78, 1278.02)","(1280.64, 1264.6599999999999)","(1247.96, 1247.96)","(1268.08, 1247.89)","(1266.6200000000001, 1255.74)","(1243.1200000000001, 1243.1200000000001)","(1251.14, 1251.14)","(1302.61, 1267.6299999999999)","(1235.88, 1235.88)","(1240.3000000000002, 1240.3000000000002)","(1262.16, 1253.98)","(1252.7800000000002, 1252.7800000000002)","(1225.79, 1225.79)","(1262.47, 1255.3)"
R103_200_100.csv,time,"(89.78688597679138, 100.4248673915863)","(107.21260786056519, 117.66519594192505)","(86.21245169639587, 105.6499354839325)","(79.15269351005554, 87.23599886894226)","(76.9180736541748, 84.20731401443481)","(79.87937331199646, 83.4206428527832)","(72.64311146736145, 80.59811902046204)","(115.33045864105225, 126.25170469284058)","(48.59825253486633, 52.34813642501831)","(115.11006021499634, 122.11677956581116)","(93.08517098426819, 101.21723318099976)","(79.82550954818726, 83.84554672241211)","(95.95901799201965, 117.27970862388611)","(85.09783935546875, 90.68588638305664)","(79.2093117237091, 81.77133274078369)","(67.38622164726257, 71.36266207695007)","(105.04461145401001, 115.25727796554565)","(67.87111616134644, 72.32567405700684)","(93.54529476165771, 96.37731575965881)","(81.52666401863098, 91.81780457496643)"
R104_200_100.csv,obj,"(1199.48, 1142.7299999999998)","(1130.35, 1096.8699999999997)","(1121.8500000000001, 1096.6599999999999)","(1086.54, 1065.1799999999998)","(1119.75, 1109.22)","(1062.28, 1050.84)","(1099.6699999999998, 1063.8300000000002)","(1091.76, 1066.460000000002)","(1084.42, 1077.5300000000002)","(1126.22, 1094.8799999999987)","(1116.6399999999999, 1069.5200000000002)","(1094.85, 1090.3600000000001)","(1121.1000000000001, 1093.34)","(1066.43, 1064.44)","(1101.57, 1072.5566666666668)","(1091.8300000000002, 1091.8300000000002)","(1199.74, 1140.4099999999999)","(1085.3700000000001, 1050.6499999999999)","(1144.81, 1142.5400000000002)","(1162.58, 1112.8200000000002)"
R104_200_100.csv,time,"(98.54571175575256, 164.51138973236084)","(249.545880317688, 289.0383183956146)","(246.56075358390808, 284.13857221603394)","(137.30080318450928, 296.86500883102417)","(496.50043654441833, 821.9275562763214)","(296.39972496032715, 342.8732600212097)","(554.347261428833, 832.6858067512512)","(294.33578968048096, 308.8283722400665)","(155.04376769065857, 279.03418946266174)","(129.69695901870728, 192.46936440467834)","(226.45367121696472, 241.0620310306549)","(375.4404466152191, 500.0497703552246)","(133.00886511802673, 182.80164766311646)","(142.64523220062256, 231.84907746315002)","(166.23907947540283, 217.47876262664795)","(173.3542811870575, 197.929030418396)","(187.70902132987976, 292.01997566223145)","(214.49939107894897, 229.70255374908447)","(278.57625555992126, 303.0218210220337)","(262.08899545669556, 452.0461082458496)"
R105_200_100.csv,obj,"(1416.0, 1409.1100000000017)","(1411.2099999999998, 1391.24)","(1406.2800000000002, 1392.64)","(1367.7800000000002, 1367.7800000000002)","(1369.28, 1369.28)","(1387.58, 1387.58)","(1396.07, 1396.07)","(1396.1499999999999, 1396.1499999999999)","(1393.01, 1387.4)","(1407.9800000000005, 1398.17)","(1381.43, 1381.43)","(1427.37, 1416.21)","(1392.0700000000002, 1392.0700000000002)","(1394.9199999999998, 1394.0600000000004)","(1381.9, 1381.9)","(1399.6799999999998, 1394.8600000000001)","(1373.24, 1373.24)","(1368.3600000000001, 1368.3600000000001)","(1378.42, 1378.42)","(1427.6200000000001, 1405.51)"
R105_200_100.csv,time,"(36.131593227386475, 45.366005659103394)","(32.37328004837036, 36.27604842185974)","(29.475377321243286, 37.412896394729614)","(24.885859966278076, 26.24522876739502)","(34.091960430145264, 34.99820327758789)","(33.839555740356445, 36.04266881942749)","(27.143068075180054, 31.965999364852905)","(40.31446361541748, 45.3188841342926)","(40.33060264587402, 46.5181143283844)","(29.246060132980347, 37.344833850860596)","(36.27355694770813, 39.336058139801025)","(35.67192721366882, 42.78966546058655)","(42.38472270965576, 50.82268404960632)","(40.27658820152283, 47.714110136032104)","(52.234535217285156, 55.031450033187866)","(46.167800188064575, 53.027185678482056)","(42.8458936214447, 46.58029270172119)","(46.95403718948364, 49.250917196273804)","(51.3092896938324, 56.45879673957825)","(42.49064922332764, 54.551034927368164)"
R106_200_100.csv,obj,"(1283.99, 1276.47)","(1284.6799999999998, 1284.6799999999998)","(1268.3199999999997, 1268.3199999999997)","(1265.7200000000003, 1265.7200000000003)","(1272.65, 1272.65)","(1308.1499999999999, 1293.83)","(1284.9799999999998, 1271.25)","(1265.52, 1265.52)","(1286.82, 1286.82)","(1288.1299999999999, 1287.5999999999985)","(1261.76, 1261.76)","(1325.8600000000001, 1313.4900000000002)","(1262.5299999999997, 1262.5299999999997)","(1253.3799999999999, 1253.3799999999999)","(1307.02, 1298.3799999999999)","(1335.8, 1309.37)","(1294.31, 1288.0599999999997)","(1296.5299999999997, 1292.0399999999997)","(1291.21, 1276.6)","(1288.08, 1283.53)"
R106_200_100.csv,time,"(51.92138481140137, 58.82741045951843)","(79.8616054058075, 92.87947130203247)","(70.28618669509888, 75.06744980812073)","(47.089616775512695, 49.164278984069824)","(39.14255452156067, 46.5019850730896)","(97.86056756973267, 156.74706196784973)","(93.49115633964539, 101.73169374465942)","(77.48382663726807, 81.29332995414734)","(66.22245383262634, 77.22777152061462)","(69.68594312667847, 96.90476751327515)","(69.50052237510681, 73.8970639705658)","(124.40003275871277, 177.91106009483337)","(71.98562383651733, 73.67314958572388)","(82.94198226928711, 89.37952208518982)","(139.16747522354126, 202.23819208145142)","(61.438376903533936, 79.93584203720093)","(88.22386622428894, 100.25777053833008)","(60.30485653877258, 77.4514365196228)","(79.2881326675415, 90.37818431854248)","(67.84648084640503, 84.00981378555298)"
R107_200_100.csv,obj,"(1171.79, 1164.16)","(1173.63, 1160.1100000000447)","(1157.97, 1144.45)","(1173.77, 1130.0900000000006)","(1138.1, 1119.0900000000001)","(1134.44, 1132.48)","(1210.1200000000001, 1150.25)","(1093.81, 1093.38)","(1092.44, 1092.44)","(1106.0400000000002, 1106.0400000000002)","(1135.2, 1118.74)","(1146.5, 1137.6800000000017)","(1138.36, 1138.36)","(1115.3, 1108.8500000000001)","(1233.57, 1177.74)","(1108.55, 1108.55)","(1126.78, 1122.2)","(1144.1899999999998, 1128.9099999999999)","(1155.56, 1126.6399999999999)","(1177.2800000000002, 1137.73)"
R107_200_100.csv,time,"(169.17277145385742, 371.21352195739746)","(143.59869074821472, 354.35844349861145)","(177.10865592956543, 294.35311365127563)","(121.09665703773499, 142.03149962425232)","(102.89422869682312, 117.09409260749817)","(123.04296231269836, 156.93561172485352)","(102.85902142524719, 116.93549656867981)","(80.69994950294495, 88.2624659538269)","(118.3786232471466, 130.95549154281616)","(104.02729940414429, 118.0327205657959)","(110.23986387252808, 122.82650756835938)","(96.65743446350098, 219.59696197509766)","(74.87892723083496, 86.14948558807373)","(77.21499228477478, 89.19945073127747)","(213.53948283195496, 264.5632231235504)","(78.6438570022583, 92.53385806083679)","(115.34396433830261, 143.84831047058105)","(70.77480721473694, 85.73575162887573)","(104.1889123916626, 122.57502317428589)","(154.14718794822693, 245.98188614845276)"
R108_200_100.csv,obj,"(1153.95, 1099.0399999999984)","(1116.8200000000002, 1101.01)","(1114.3600000000001, 1078.54)","(1110.6, 1088.49)","(1173.89, 1131.8200000000002)","(1047.83, 1040.65)","(1030.6599999999999, 1013.0699999999999)","(1087.4499999999998, 1087.4499999999998)","(999.55, 999.55)","(1050.41, 1050.41)","(1057.6200000000001, 1051.02)","(1122.92, 1078.31)","(1207.77, 1151.58)","(1018.55, 1018.55)","(1144.63, 1096.04)","(1195.3, 1132.450000000006)","(1130.27, 1072.29)","(1051.99, 1034.4)","(1128.2900000000002, 1103.580000000042)","(1139.71, 1136.4800000000187)"
R108_200_100.csv,time,"(169.43517112731934, 294.93597316741943)","(186.28119540214539, 429.56699657440186)","(308.76702857017517, 485.9625606536865)","(290.9813573360443, 324.6713972091675)","(266.3924677371979, 540.7398355007172)","(261.7499976158142, 299.6926689147949)","(311.653865814209, 331.5063591003418)","(161.79527688026428, 320.56308126449585)","(106.55096697807312, 113.73169589042664)","(103.67692518234253, 131.99777483940125)","(119.75349187850952, 162.9797821044922)","(86.78877329826355, 100.49805808067322)","(152.31377172470093, 261.0502805709839)","(115.80026721954346, 141.50239372253418)","(208.21557569503784, 330.2919840812683)","(120.21669816970825, 142.1814148426056)","(385.0828251838684, 647.2583377361298)","(262.729772567749, 321.5722539424896)","(132.0221562385559, 312.43426632881165)","(155.89755725860596, 338.5875163078308)"
R109_200_100.csv,obj,"(1158.84, 1158.84)","(1192.96, 1192.66)","(1156.99, 1156.99)","(1261.7899999999997, 1236.7999999999993)","(1180.41, 1180.41)","(1206.14, 1206.14)","(1194.7400000000002, 1194.7400000000002)","(1179.1899999999998, 1179.1899999999998)","(1214.06, 1201.0099999999998)","(1190.54, 1190.54)","(1220.91, 1220.91)","(1208.72, 1208.72)","(1208.02, 1208.02)","(1257.7099999999998, 1255.1)","(1173.8899999999999, 1173.8899999999999)","(1204.4199999999998, 1202.1999999999985)","(1202.94, 1202.94)","(1174.79, 1174.79)","(1250.4600000000003, 1228.94)","(1196.0500000000002, 1194.3900000000003)"
R109_200_100.csv,time,"(77.45007753372192, 80.03673338890076)","(44.03421759605408, 53.1204309463501)","(49.4696888923645, 51.61031770706177)","(85.90898084640503, 93.7733964920044)","(60.65363883972168, 64.49739193916321)","(75.47725081443787, 109.10522794723511)","(116.54570531845093, 119.88583970069885)","(59.71614360809326, 69.35676121711731)","(54.76733469963074, 66.9486677646637)","(52.078763008117676, 62.10470414161682)","(58.79685735702515, 82.5009994506836)","(51.20434284210205, 62.342339754104614)","(48.6464581489563, 58.94950485229492)","(58.858906269073486, 123.17306017875671)","(66.24588704109192, 72.05813717842102)","(79.370938539505, 87.52364540100098)","(85.36215472221375, 112.39291262626648)","(74.73146104812622, 84.96584057807922)","(78.41970705986023, 95.82513689994812)","(57.75220727920532, 73.09597492218018)"
R110_200_100.csv,obj,"(1205.06, 1180.5)","(1119.12, 1119.12)","(1195.7999999999997, 1167.24)","(1246.7800000000002, 1215.67)","(1129.0600000000002, 1120.1999999999998)","(1252.6000000000001, 1205.4800000000002)","(1237.5, 1196.8600000000001)","(1216.81, 1192.0600000000002)","(1183.21, 1143.26)","(1158.15, 1139.28)","(1165.1200000000001, 1165.1200000000001)","(1275.64, 1219.41)","(1171.4099999999999, 1156.31)","(1167.03, 1145.75)","(1240.13, 1204.02)","(1231.52, 1199.1800000006342)","(1183.1999999999998, 1143.6999999999998)","(1224.44, 1213.6700000000005)","(1216.62, 1207.3400000000447)","(1159.1200000000001, 1154.6399999999999)"
R110_200_100.csv,time,"(125.86176705360413, 225.03211426734924)","(66.83409428596497, 82.05681705474854)","(116.64977025985718, 133.32851386070251)","(103.65273666381836, 193.165540933609)","(88.8790762424469, 99.29796743392944)","(73.68081498146057, 120.44894480705261)","(147.31939053535461, 176.00145936012268)","(57.129151821136475, 72.73425650596619)","(70.95327544212341, 85.26668310165405)","(82.1885244846344, 96.49578595161438)","(91.90409255027771, 160.25002241134644)","(233.9002251625061, 422.05176401138306)","(68.71004939079285, 77.32394242286682)","(98.93603014945984, 112.62593150138855)","(88.1842725276947, 202.7920117378235)","(142.31562685966492, 260.8233916759491)","(153.72365283966064, 169.79321956634521)","(166.50220608711243, 353.28269720077515)","(122.8266921043396, 315.93686294555664)","(155.96997666358948, 206.50411200523376)"
R111_200_100.csv,obj,"(1146.33, 1146.33)","(1233.98, 1193.11)","(1096.36, 1096.36)","(1216.34, 1171.8899999999999)","(1141.7599999999998, 1141.7599999999998)","(1164.5400000000002, 1155.62)","(1118.1699999999998, 1115.82)","(1070.28, 1070.28)","(1177.1, 1160.66)","(1130.699999232658, 1122.97)","(1138.28, 1138.28)","(1114.8000000000002, 1114.8000000000002)","(1124.0500000000002, 1118.9599999999998)","(1125.49, 1125.49)","(1141.8899999999999, 1126.1200000000001)","(1070.3000000000002, 1070.3000000000002)","(1149.58, 1149.4)","(1109.6399999999999, 1109.6399999999999)","(1140.9099999999999, 1122.6599999999999)","(1165.3899999999999, 1156.79)"
R111_200_100.csv,time,"(88.20096755027771, 107.3721034526825)","(263.7475621700287, 371.2148973941803)","(87.92665076255798, 91.97352409362793)","(81.10903286933899, 228.0559778213501)","(82.88091945648193, 110.76170587539673)","(102.68817591667175, 217.45938682556152)","(103.18667578697205, 222.34412908554077)","(106.15538477897644, 109.62441945075989)","(96.86109042167664, 130.550678730011)","(138.23983120918274, 167.97125554084778)","(144.4239866733551, 192.45437121391296)","(150.4089629650116, 280.6015295982361)","(141.00827956199646, 160.97048830986023)","(95.92989897727966, 107.75804114341736)","(125.13355779647827, 157.53717613220215)","(88.4737720489502, 92.03627276420593)","(66.3027696609497, 96.3547945022583)","(111.57626104354858, 122.91914248466492)","(141.10747480392456, 154.03244423866272)","(161.74088740348816, 202.70594596862793)"
R112_200_100.csv,obj,"(1154.93, 1129.92)","(1153.25, 1149.58)","(1082.0500000000002, 1071.76)","(1025.13, 1025.13)","(1072.44, 1072.44)","(1099.63, 1099.63)","(1139.52, 1107.790000000001)","(1103.7199999999998, 1094.2099999999998)","(1158.0900000000001, 1158.0900000000001)","(1122.0, 1098.1499999999999)","(1065.2399999999998, 1052.2)","(1143.45, 1140.25)","(1101.12, 1101.12)","(1045.57, 1045.57)","(1085.1000000000001, 1085.1000000000001)","(1094.22, 1092.7)","(1060.59, 1060.59)","(1135.37, 1135.37)","(1073.86, 1067.25)","(1071.1799999999998, 1071.1799999999998)"
R112_200_100.csv,time,"(212.3965106010437, 236.28342247009277)","(303.919358253479, 408.63624691963196)","(225.45374703407288, 248.65616822242737)","(135.38433456420898, 148.5070195198059)","(264.6501760482788, 295.7933101654053)","(345.9653604030609, 375.0439667701721)","(184.24957585334778, 206.0328619480133)","(271.86191606521606, 305.5122299194336)","(191.98238968849182, 243.103289604187)","(168.08045434951782, 185.76721358299255)","(120.63846707344055, 131.70057821273804)","(123.5844144821167, 143.84773302078247)","(147.7811689376831, 177.98397588729858)","(194.8149824142456, 205.54272890090942)","(150.66620874404907, 163.24771094322205)","(224.02986884117126, 260.8627858161926)","(545.9057462215424, 573.3133127689362)","(370.99360370635986, 497.60227847099304)","(341.557165145874, 361.49812173843384)","(248.55424571037292, 265.8981499671936)"
R211_1000_100.csv,obj,"(1152.57, 1145.03)","(1002.63, 973.1700000000001)","(840.9000000000001, 840.9000000000001)","(1196.26, 1055.42)","(1217.1000000000001, 1217.1000000000001)","(997.4200000000001, 967.109999602886)","(1083.42, 1024.1599999998834)","(1133.53, 1096.97)","(991.29, 955.28)","(973.3700000000001, 973.3700000000001)","(994.8900000000001, 994.8900000000001)","(1120.3199999999997, 1108.87)","(1163.14, 1163.14)","(1223.71, 1179.5800000000008)","(942.1400000000001, 942.1400000000001)","(1015.7300000000001, 974.5899999999999)","(998.85, 998.85)","(986.5300000000001, 986.5300000000001)","(969.1200000000001, 951.36)","(1093.4199999999998, 1080.5500000000004)"
R211_1000_100.csv,time,"(660.1968657970428, 733.0449492931366)","(1334.8586959838867, 1574.7012376785278)","(467.681480884552, 517.3399925231934)","(1312.325575351715, 1399.7525510787964)","(742.5906975269318, 879.4372701644897)","(685.3016233444214, 747.3270814418793)","(900.4465484619141, 957.802570104599)","(1220.1808326244354, 1344.0670824050903)","(1199.1160724163055, 1243.201152086258)","(723.113151550293, 782.4982104301453)","(1210.4725086688995, 1364.8551201820374)","(1345.6864702701569, 1687.952469110489)","(969.3432605266571, 1101.4940049648285)","(866.5447700023651, 924.8870768547058)","(928.7760791778564, 998.933563709259)","(761.7374694347382, 792.3246781826019)","(982.6188538074493, 1045.8726398944855)","(1074.0715067386627, 1171.6188004016876)","(994.4766893386841, 1049.9540214538574)","(1132.0417139530182, 1349.6667032241821)"
R210_1000_100.csv,obj,"(1118.59, 1102.4300000004152)","(1291.199999999889, 1152.4)","(1217.0, 1112.6799999999998)","(1143.48, 1090.67)","(1275.19, 1128.9399999999998)","(1168.43, 1099.01)","(1186.8400000000001, 1057.27)","(1267.7199999999998, 1121.61)","(1198.29, 1159.9299999999998)","(1262.13, 1179.2700000004916)","(1240.53, 1168.8199999999995)","(1254.0800000000002, 1173.82)","(1341.4399999999998, 1139.3049999999998)","(1119.56, 1069.19)","(1194.0900000000001, 1102.23)","(1258.78, 1127.9400000000126)","(1140.68, 1106.99)","(1345.1799999999998, 1187.3200000000002)","(1263.9399999999998, 1132.68375)","(1156.65, 1133.2200000000003)"
R210_1000_100.csv,time,"(411.1633553504944, 4755.761223077774)","(1163.0567820072174, 2215.3615844249725)","(541.9300806522369, 1434.571946144104)","(409.7112412452698, 2224.4223268032074)","(290.58842515945435, 531.8112580776215)","(326.0177495479584, 4606.777747869492)","(832.0588483810425, 2285.615136861801)","(478.87594389915466, 1373.6110546588898)","(439.6747808456421, 2093.8866441249847)","(501.7588429450989, 3070.340446472168)","(646.9792635440826, 5473.745607376099)","(259.16902780532837, 1478.6590559482574)","(309.03885197639465, 1071.2899296283722)","(451.0674216747284, 1924.7188758850098)","(381.42104148864746, 2559.7303614616394)","(659.9658408164978, 1744.339998960495)","(413.7766902446747, 1240.0649416446686)","(470.0920023918152, 5587.548948049545)","(349.8212695121765, 2899.905153274536)","(346.1586174964905, 2772.6267557144165)"
R201_1000_100.csv,obj,"(1164.3899999999999, 1164.3899999999999)","(1206.1799999999998, 1191.5500000000006)","(1197.2800000000002, 1197.2800000000002)","(1148.96, 1148.96)","(1220.51, 1199.96)","(1202.1, 1188.1)","(1174.79, 1174.79)","(1156.02, 1156.02)","(1157.62, 1157.62)","(1192.73, 1186.1499999999999)","(1174.51, 1174.51)","(1183.08, 1183.08)","(1229.8799999999999, 1215.8200000000002)","(1218.0, 1197.0000000000002)","(1245.62, 1239.3200000000004)","(1211.4399999999998, 1202.360000000007)","(1151.5, 1151.5)","(1220.1999999999998, 1201.1599999999999)","(1209.1599999999999, 1205.66)","(1164.4699999999998, 1164.4699999999998)"
R201_1000_100.csv,time,"(275.6992464065552, 282.00001764297485)","(160.80270385742188, 185.3936493396759)","(281.01759457588196, 310.8407654762268)","(256.05419182777405, 260.7162232398987)","(222.85136723518372, 263.34343576431274)","(247.14202189445496, 275.5924561023712)","(222.13668274879456, 242.81917905807495)","(264.66459584236145, 273.8991365432739)","(215.3086211681366, 226.80708527565002)","(163.669771194458, 172.3096787929535)","(185.13463735580444, 192.83981108665466)","(311.90819573402405, 342.5051095485687)","(192.3377983570099, 250.11497139930725)","(311.37845849990845, 363.41625332832336)","(169.76506733894348, 207.82171893119812)","(212.58528780937195, 252.2695016860962)","(237.7037546634674, 241.76594042778015)","(362.2492456436157, 452.270090341568)","(393.92565846443176, 486.7223994731903)","(234.8813076019287, 242.1078977584839)"
R202_1000_100.csv,obj,"(1142.18, 1111.7400000000002)","(1114.71, 1114.71)","(1096.8999999999999, 1096.8999999999999)","(1171.5399999999997, 1144.0399999999997)","(1094.54, 1094.54)","(1158.87, 1133.1)","(1258.1, 1153.51)","(1247.15, 1175.79)","(1084.14, 1067.8899999999999)","(1144.5, 1144.5)","(1129.52, 1114.5800000000452)","(1142.3799999999999, 1142.3799999999999)","(1150.15, 1116.29)","(1162.3899999999999, 1141.77)","(1111.34, 1094.3899999999999)","(1094.4599999999998, 1072.1499999999999)","(1176.46, 1155.74)","(1123.54, 1099.0099999999998)","(1175.19, 1126.9399999999998)","(1168.13, 1142.49)"
R202_1000_100.csv,time,"(763.0992240905762, 3305.913112640381)","(1397.859224319458, 3886.006495952606)","(694.7406449317932, 2472.374751329422)","(805.1309585571289, 2700.8662955760956)","(555.1907162666321, 1787.8354377746582)","(482.1772041320801, 1546.5697090625763)","(756.6208055019379, 4174.043668746948)","(616.6174514293671, 5117.541088104248)","(1430.411859512329, 1595.9747836589813)","(714.4252355098724, 3487.852259874344)","(846.3635578155518, 3311.4444992542267)","(866.2881276607513, 1967.0433163642883)","(527.58549451828, 1870.3362429141998)","(533.7027468681335, 3909.167092323303)","(345.3686671257019, 484.6591911315918)","(512.0217342376709, 562.9437170028687)","(681.2463874816895, 5005.30535531044)","(405.1506419181824, 554.4648180007935)","(504.92534136772156, 1294.912099123001)","(510.84783816337585, 3127.21675825119)"
R203_1000_100.csv,obj,"(1002.0199999999999, 1002.0199999999999)","(1101.76, 1101.76)","(1159.1299999999999, 1131.6399999999999)","(1089.08, 1053.87)","(1101.7599999999998, 1077.8000000000002)","(1114.5, 1100.67)","(1122.5100000000002, 1042.4400000000007)","(1102.8899999999999, 1063.24)","(1047.6399999999999, 1025.91)","(1212.9, 1095.8899999999999)","(1037.71, 1020.6899999999999)","(1062.29, 1042.04)","(980.36, 969.67)","(1145.6999999999998, 1105.23)","(1013.8500000000001, 991.8300000000002)","(1003.43, 950.42)","(1067.5299999999997, 1059.62)","(1139.48, 1117.92)","(1137.6399999999999, 1094.89)","(1009.4999999999999, 1009.4999999999999)"
R203_1000_100.csv,time,"(942.1766834259033, 1132.4174356460571)","(1443.6514608860016, 2172.160069704056)","(642.0116922855377, 1121.7858650684357)","(573.632383108139, 1404.0586936473846)","(614.3752512931824, 3577.3379929065704)","(1758.9472742080688, 2190.111419439316)","(420.9096517562866, 628.3457307815552)","(642.6658918857574, 1341.0786910057068)","(566.5348863601685, 1400.3767948150635)","(611.9574499130249, 1592.7289142608643)","(678.9820241928101, 2031.8423988819122)","(460.5266716480255, 1132.1954791545868)","(423.56786346435547, 504.42587304115295)","(477.649564743042, 1221.907461643219)","(454.7040545940399, 1354.0340898036957)","(536.9770634174347, 661.2598791122437)","(669.3063559532166, 2537.473039627075)","(497.5676567554474, 1868.5816581249237)","(604.5299007892609, 1604.3571314811707)","(625.6779632568359, 1771.541382074356)"
R204_1000_100.csv,obj,"(960.4699999999999, 960.4699999999999)","(1178.06, 1178.06)","(1068.98, 1068.98)","(1195.33, 1071.6)","(1050.44, 1039.77)","(966.95, 916.59)","(1125.75, 1125.75)","(906.6800000000002, 906.6800000000002)","(814.6500000000001, 814.6500000000001)","(1067.6000000000001, 1067.6000000000001)","(1062.4099999999999, 1038.5)","(875.4099999999999, 863.6049999999999)","(924.9800000000001, 915.8600000000005)","(869.62, 869.62)","(1075.53, 1071.0500000000002)","(1040.28, 999.7800000000001)","(1039.9699999999998, 1039.9699999999998)","(943.2799999999997, 943.2799999999997)","(1089.62, 1089.62)","(1103.4099999999999, 1057.789999999994)"
R204_1000_100.csv,time,"(756.1730673313141, 923.0659620761871)","(653.5602881908417, 849.1053423881531)","(1440.34308719635, 1521.067153453827)","(731.0899341106415, 792.0178127288818)","(937.7368285655975, 1004.4070200920105)","(779.0663919448853, 815.1759989261627)","(769.6922264099121, 858.3939783573151)","(731.278288602829, 795.2286641597748)","(704.7685258388519, 747.9823908805847)","(516.0755386352539, 582.6665604114532)","(1110.0850839614868, 1457.473486661911)","(757.5709390640259, 824.6531846523285)","(1142.988686800003, 1224.459597826004)","(929.6367614269257, 1094.5998377799988)","(678.3713686466217, 746.5729086399078)","(822.303154706955, 898.2594382762909)","(822.1808495521545, 916.4514672756195)","(913.3332357406616, 962.9407045841217)","(1057.1547544002533, 1137.6595675945282)","(1140.0987284183502, 1301.7090384960175)"
R205_1000_100.csv,obj,"(1126.7099999999998, 1095.07)","(997.96, 997.96)","(1132.0099999999998, 1107.73)","(1102.73, 1092.3400000000001)","(1169.1200000000001, 1066.1399999999999)","(1054.69, 1054.69)","(1055.66, 1049.66)","(1195.9299999999998, 1078.9)","(1213.79, 1129.75)","(1066.85, 1064.6)","(1059.9399999999998, 1059.9399999999998)","(1105.1699999999998, 1081.16)","(1184.44, 1128.690000000015)","(1172.96, 1146.54)","(1098.1799999999998, 1059.5200000000057)","(1045.13, 1016.79)","(1049.7400000000002, 1049.7400000000002)","(1042.57, 1042.57)","(1040.09, 1040.09)","(1138.7499999999998, 1098.0499999999997)"
R205_1000_100.csv,time,"(290.0241038799286, 2025.281188249588)","(324.3145663738251, 389.49947118759155)","(235.17886018753052, 1997.2959167957306)","(287.3773591518402, 2854.2900569438934)","(385.40924525260925, 1643.5595123767853)","(361.67618799209595, 2879.9425842761993)","(320.09838032722473, 1455.2352921962738)","(290.0241045951843, 516.4229819774628)","(307.7991304397583, 2563.409132003784)","(304.41084480285645, 541.4199912548065)","(274.71635603904724, 1498.560890197754)","(305.62328362464905, 2537.7026419639587)","(199.82301211357117, 1298.8710820674896)","(232.16741728782654, 1665.2638363838196)","(199.6012635231018, 826.5745534896851)","(274.64488983154297, 713.2056450843811)","(226.42152166366577, 970.2275042533875)","(260.70146799087524, 1087.3327958583832)","(242.08472609519958, 749.8768041133881)","(201.24859642982483, 1192.707085609436)"
R206_1000_100.csv,obj,"(1092.59, 1076.54)","(954.77, 954.77)","(1147.99, 1112.700000000005)","(1135.1799999999998, 1110.1599999999999)","(1147.94, 1118.5900000000013)","(1020.3299999999999, 1019.74)","(994.35, 994.35)","(1070.74, 1055.2700000000127)","(1246.83, 1194.8400000000001)","(1107.5, 1041.79)","(1222.63, 1161.3700000000001)","(1221.02, 1142.300000000004)","(1125.91, 1111.9199999999944)","(1244.75, 1117.3000000000702)","(1118.64, 1076.6000000000001)","(1073.37, 1073.37)","(1025.22, 1025.22)","(1122.3700000000001, 1083.1499999999999)","(1185.0000000000002, 1095.390000000104)","(1249.48, 1152.12)"
R206_1000_100.csv,time,"(306.7270677089691, 823.3889789581299)","(370.39459133148193, 752.5077526569366)","(434.2842514514923, 2448.7064487934113)","(435.16861748695374, 1293.239378452301)","(325.3901152610779, 1025.44624710083)","(419.0339479446411, 849.3689699172974)","(422.26984333992004, 714.2701425552368)","(481.1564824581146, 2263.7363982200623)","(357.6370224952698, 810.4228327274323)","(285.41960644721985, 1460.2086539268494)","(619.6237442493439, 4304.0458726882935)","(482.4523923397064, 1013.7243342399597)","(485.9941725730896, 857.1062631607056)","(758.1286787986755, 2451.8373568058014)","(536.5207142829895, 1872.1970219612122)","(529.9646673202515, 1796.0065500736237)","(507.2974920272827, 2336.2964220046997)","(416.13275718688965, 2313.310447216034)","(365.45417761802673, 1229.0742330551147)","(560.8919212818146, 1634.393716096878)"
R207_1000_100.csv,obj,"(1402.2999999999997, 1279.25)","(1145.8600000000001, 1115.6599999999999)","(1202.46, 1172.76)","(1253.84, 1182.450000000002)","(1134.9699999999998, 1132.22)","(1282.88, 1190.15)","(1221.85, 1132.5)","(1211.1200000000001, 1104.3199999999997)","(1141.54, 1110.4499999999998)","(1169.6799999999998, 1076.0500000000002)","(1171.3, 1117.75)","(1243.7499999999998, 1152.3400000000001)","(1347.8000000000002, 1196.59)","(946.8100000000001, 943.5900000000003)","(1237.4199999999998, 1178.0300000000223)","(1007.0799999999999, 1007.0799999999999)","(1075.68, 1020.3100000000001)","(1147.17, 1092.15)","(1201.93, 1110.0500000000006)","(1378.52, 1289.8899999999999)"
R207_1000_100.csv,time,"(1138.9647901058197, 1700.745892047882)","(1089.9308314323425, 1499.6102368831635)","(849.0641195774078, 987.6851744651794)","(948.2984738349915, 1529.1570439338684)","(1281.032945394516, 2035.9023451805115)","(1221.7476119995117, 1336.4694421291351)","(1416.8488337993622, 1708.8427357673645)","(1504.0019373893738, 1647.5873897075653)","(946.0523278713226, 1280.8008635044098)","(1330.6063044071198, 1639.8474786281586)","(1852.157534122467, 2570.029247045517)","(1493.1444737911224, 2042.6245620250702)","(1032.871126651764, 1257.6467669010162)","(861.8651773929596, 988.6069443225861)","(1174.4824755191803, 1564.0980813503265)","(1158.019312620163, 1281.236808538437)","(1788.3258793354034, 2041.7862660884857)","(950.4970109462738, 1210.8359727859497)","(1923.716922044754, 2698.763554573059)","(604.688967704773, 923.6233110427856)"
R208_1000_100.csv,obj,"(1150.4800000000002, 1150.4800000000002)","(831.48, 831.48)","(965.15, 941.66)","(1084.09, 1072.9699999999953)","(1341.56, 1292.8100000000038)","(987.79, 987.79)","(867.7800000000002, 867.7800000000002)","(826.0100000000001, 826.0100000000001)","(1391.84, 1391.84)","(1008.8199999999999, 943.44)","(1168.2800000000002, 1168.2800000000002)","(930.85, 928.02)","(1076.4900000000002, 1008.59)","(939.4700000000001, 923.9100000000001)","(1144.3100000000002, 1144.3100000000002)","(1236.55, 1236.55)","(1053.0300000000002, 1053.0300000000002)","(1234.86, 1234.86)","(1286.69, 1266.5600000000004)","(1387.9, 1360.51)"
R208_1000_100.csv,time,"(555.1867270469666, 643.7763402462006)","(1422.598164319992, 1704.2701783180237)","(1207.4075784683228, 1281.1226975917816)","(1263.4087800979614, 1335.9046709537506)","(1670.0652978420258, 1863.4076797962189)","(773.5851142406464, 839.0562584400177)","(1205.2150733470917, 1252.8192603588104)","(1179.4954996109009, 1234.8376410007477)","(791.2302401065826, 880.8042967319489)","(965.9114143848419, 1021.3537924289703)","(2157.3810720443726, 2260.6265938282013)","(630.7105147838593, 675.5343556404114)","(1206.0303316116333, 1298.6766929626465)","(2098.2995188236237, 2240.071002960205)","(1335.121473312378, 1473.1414213180542)","(989.7967877388, 1047.3435401916504)","(776.001528263092, 830.025336265564)","(950.4140183925629, 1053.788257598877)","(930.0432004928589, 1005.8492426872253)","(928.5924263000488, 1008.4117286205292)"
R209_1000_100.csv,obj,"(1025.38, 1012.8799999999999)","(1136.44, 1028.07)","(1037.64, 1037.6399999999999)","(1207.96, 1093.7400000000052)","(1137.2700000000002, 1070.1100000000001)","(1144.26, 1038.3300000000017)","(1027.04, 976.0200000000003)","(1037.8799999999999, 1020.5800000000002)","(1112.49, 989.64)","(1330.04, 1150.72)","(1235.28, 1153.96)","(1092.3100000000002, 1073.52)","(1163.05, 1157.1400000000003)","(1109.1200000000001, 1066.74)","(1182.7299999999998, 1072.1)","(1053.5500000000002, 1026.6)","(956.92, 956.92)","(1155.5500000000002, 1059.64)","(951.07, 951.07)","(1114.48, 1071.5800000000002)"
R209_1000_100.csv,time,"(322.4397304058075, 3755.0543150901794)","(391.45450043678284, 1575.6537520885468)","(333.9859781265259, 5552.674772977829)","(376.1863534450531, 2751.313220977783)","(566.19682264328, 5505.377250909805)","(502.7109923362732, 2164.3431606292725)","(384.5686044692993, 1246.5287308692932)","(423.5990650653839, 1899.1815333366394)","(328.9118700027466, 615.7541360855103)","(261.531760931015, 2407.837277173996)","(517.1315743923187, 1014.6904439926147)","(378.00245904922485, 5364.684064149857)","(381.0308392047882, 6585.849743127823)","(309.1000325679779, 3022.316163778305)","(259.710985660553, 958.2581632137299)","(210.85496258735657, 2175.978912115097)","(285.11618089675903, 2064.95583820343)","(367.6741683483124, 2410.185271501541)","(163.8609504699707, 417.2231149673462)","(347.15190529823303, 2921.1971526145935)"
RC101_200_100.csv,obj,"(1743.2500000000002, 1713.2500000000005)","(1730.0100000000002, 1680.2800000000004)","(1763.52, 1724.07)","(1717.4299999999998, 1699.06)","(1727.85, 1721.97)","(1746.5599999999997, 1730.7800000000057)","(1731.6699999999998, 1716.1999999999998)","(1732.66, 1723.7)","(1669.2800000000002, 1669.2800000000002)","(1691.37, 1691.37)","(1720.29, 1710.8299999999997)","(1748.6599999999999, 1725.0600000000002)","(1751.71, 1732.600000000049)","(1697.4799999999998, 1692.4399999999998)","(1669.2699999999998, 1669.2699999999998)","(1725.73, 1716.479999999999)","(1705.2800000000002, 1681.7399999999998)","(1728.23, 1713.5900000000001)","(1729.83, 1727.770000000001)","(1711.9299999999998, 1701.28)"
RC101_200_100.csv,time,"(9.81518006324768, 11.83984923362732)","(21.107445001602173, 23.216813802719116)","(18.13724637031555, 20.380481243133545)","(27.76427173614502, 30.837276458740234)","(18.284923791885376, 20.77149772644043)","(13.979319334030151, 17.318541049957275)","(16.147488355636597, 18.58044171333313)","(17.094707250595093, 19.85819935798645)","(20.337568759918213, 21.692354440689087)","(17.928357124328613, 20.931391954421997)","(23.218603372573853, 27.597968339920044)","(15.755708932876587, 17.87089967727661)","(25.392452478408813, 29.10650873184204)","(22.748157739639282, 26.187786102294922)","(21.574807167053223, 22.71498394012451)","(21.476105213165283, 24.952924013137817)","(17.248708248138428, 18.22401785850525)","(23.207762002944946, 26.59282422065735)","(21.428215265274048, 25.064961433410645)","(22.838828086853027, 26.010283946990967)"
RC102_200_100.csv,obj,"(1587.8099999999997, 1567.310000000002)","(1521.1, 1521.1)","(1590.01, 1543.09)","(1673.77, 1565.5)","(1620.63, 1549.0600000000002)","(1709.7100000000003, 1599.9000000000005)","(1632.31, 1565.6300000002263)","(1609.1799999999998, 1571.9)","(1590.5999999999997, 1547.6799999999996)","(1564.32, 1552.4200000000003)","(1653.6100000000001, 1588.9199977142673)","(1664.83, 1554.220000000009)","(1661.81, 1597.2600000000002)","(1567.42, 1538.79)","(1667.55, 1560.79)","(1619.5200000000002, 1567.97)","(1652.9299999999998, 1563.5)","(1584.48, 1550.1400000000265)","(1605.6399999999999, 1550.75)","(1599.72, 1580.7100000000003)"
RC102_200_100.csv,time,"(40.89450287818909, 62.87508797645569)","(36.384273052215576, 38.30756235122681)","(32.38997793197632, 36.093870401382446)","(31.795331716537476, 35.02860760688782)","(21.308483123779297, 23.438124179840088)","(22.09582829475403, 27.845321655273438)","(17.62963318824768, 20.619583129882812)","(20.76859211921692, 24.118151664733887)","(19.37239909172058, 22.52133870124817)","(24.528266668319702, 27.61528778076172)","(27.471009731292725, 33.29121422767639)","(34.06999135017395, 39.524837493896484)","(29.167065143585205, 34.24268078804016)","(33.85409712791443, 35.608731269836426)","(25.960012912750244, 28.787413835525513)","(28.352336645126343, 31.81201934814453)","(21.023277759552002, 25.554884433746338)","(24.80561089515686, 27.759087800979614)","(25.989990711212158, 28.382272481918335)","(26.858664512634277, 31.024429082870483)"
RC103_200_100.csv,obj,"(1537.55, 1478.5600000000059)","(1396.21, 1388.33)","(1438.4299999999998, 1408.08)","(1462.5600000000002, 1437.0200000000002)","(1584.15, 1453.8500000000001)","(1467.3600000000001, 1424.7400000000007)","(1460.5300000000002, 1427.2599999999998)","(1424.95, 1383.7200000000003)","(1506.47, 1476.1100000000333)","(1529.53, 1478.175)","(1412.0500000000002, 1409.4399999999998)","(1506.3400000000001, 1427.4900000000011)","(1577.71, 1432.7949999999998)","(1411.8, 1411.8)","(1531.4099999999999, 1410.28)","(1521.5200000000002, 1400.23)","(1470.1599999999999, 1408.1900000000005)","(1509.6, 1430.2500000000005)","(1402.77, 1399.62)","(1477.33, 1407.4299999999998)"
RC103_200_100.csv,time,"(37.701735973358154, 52.91392540931702)","(46.14112591743469, 54.85865259170532)","(48.45767641067505, 61.60980224609375)","(49.54704189300537, 90.74434018135071)","(55.843239307403564, 87.85508179664612)","(50.13536357879639, 94.11629724502563)","(39.23984980583191, 52.4000244140625)","(33.022873878479004, 39.192699670791626)","(55.5948224067688, 93.75237035751343)","(46.635847330093384, 60.93846893310547)","(41.531822681427, 77.87933421134949)","(51.37741422653198, 59.68014883995056)","(53.707730293273926, 61.309300899505615)","(37.01950025558472, 45.862210273742676)","(52.56243681907654, 61.98844885826111)","(36.81904888153076, 41.28789186477661)","(58.132057905197144, 66.46171712875366)","(31.54234743118286, 39.487241983413696)","(55.1991765499115, 71.4787220954895)","(37.78676748275757, 68.8831856250763)"
RC104_200_100.csv,obj,"(1256.05, 1239.39)","(1222.85, 1222.85)","(1300.13, 1284.42)","(1308.9, 1302.4499999999998)","(1375.21, 1326.15)","(1252.42, 1244.0500000000002)","(1259.59, 1247.3500000000001)","(1291.6200000000001, 1264.72)","(1329.92, 1299.83)","(1238.89, 1235.6400000000024)","(1208.23, 1208.23)","(1241.97, 1238.1)","(1382.4100000000003, 1338.3400000000104)","(1250.2, 1246.050000000001)","(1268.51, 1232.3999999999987)","(1289.1699999999998, 1252.75)","(1279.14, 1269.8200000000002)","(1286.29, 1276.47)","(1340.15, 1285.18)","(1338.3999999999999, 1331.8)"
RC104_200_100.csv,time,"(64.41654109954834, 73.63670110702515)","(46.49543857574463, 48.971614360809326)","(48.3014190196991, 57.59578990936279)","(46.541757106781006, 55.81986427307129)","(75.04080200195312, 125.76895308494568)","(50.93714928627014, 55.370593786239624)","(46.03676390647888, 51.58800768852234)","(98.96633243560791, 111.2325336933136)","(45.94663119316101, 60.74745726585388)","(46.29546046257019, 52.841898679733276)","(45.090649366378784, 47.38914489746094)","(57.33587074279785, 64.53686475753784)","(55.58857822418213, 133.10296726226807)","(59.34015774726868, 65.9233021736145)","(98.6270477771759, 106.05205845832825)","(53.84957313537598, 61.494576930999756)","(102.28818964958191, 122.89579176902771)","(70.2897424697876, 81.38445353507996)","(53.958537101745605, 62.36379623413086)","(50.64444375038147, 102.79538750648499)"
RC105_200_100.csv,obj,"(1610.2900000000002, 1597.6799999999998)","(1622.12, 1613.7500000000002)","(1635.61, 1607.4799999999996)","(1593.41, 1593.41)","(1646.1000000000001, 1632.5)","(1599.9, 1592.4199999999998)","(1616.7999999999997, 1602.1799999999998)","(1618.44, 1608.3200000000002)","(1591.18, 1591.18)","(1643.13, 1605.21)","(1592.4300000000003, 1592.4300000000003)","(1644.77, 1622.17)","(1635.7000000000003, 1601.29)","(1574.62, 1568.7199999999998)","(1660.73, 1612.39)","(1606.5299999999997, 1569.3599999999997)","(1592.71, 1592.1599999999999)","(1618.7200000000003, 1602.38)","(1693.98, 1633.1700000000567)","(1628.85, 1617.6000000000029)"
RC105_200_100.csv,time,"(20.793921947479248, 22.480076789855957)","(20.779921054840088, 24.023823261260986)","(22.18410634994507, 25.250158309936523)","(17.77816367149353, 18.913509607315063)","(15.425561428070068, 17.59230089187622)","(19.22953724861145, 20.982069969177246)","(21.756596565246582, 24.323999404907227)","(17.192132472991943, 19.695266485214233)","(26.58300232887268, 30.83190131187439)","(18.367742776870728, 20.35237431526184)","(17.25420331954956, 18.952434062957764)","(25.715160846710205, 31.417891263961792)","(26.194270849227905, 29.607760906219482)","(28.125863313674927, 30.155890464782715)","(24.932621717453003, 28.053334951400757)","(23.782596349716187, 25.032556772232056)","(21.221351623535156, 23.89511513710022)","(22.297117710113525, 27.7130343914032)","(29.688418865203857, 34.187928199768066)","(21.078378438949585, 24.892518758773804)"
RC106_200_100.csv,obj,"(1545.8700000000001, 1513.9000000000065)","(1461.2099999999998, 1442.5200000000002)","(1508.3499999999997, 1488.300000000002)","(1475.07, 1464.9299999999998)","(1533.47, 1441.200000000063)","(1555.8400000000001, 1514.6999999999998)","(1586.0499999999997, 1490.6100000000024)","(1450.37, 1439.36)","(1533.8799999996934, 1499.81)","(1506.3500000000001, 1479.2300000000207)","(1459.2, 1441.41)","(1450.3899999999999, 1450.3899999999999)","(1536.06, 1512.0299999999997)","(1477.2399999999998, 1468.7399999999998)","(1596.59, 1490.9700000000093)","(1518.77, 1512.6500000000208)","(1532.0900000000001, 1481.9500000000112)","(1437.5600000000002, 1437.5600000000002)","(1470.02, 1466.62)","(1461.68, 1450.0300000000002)"
RC106_200_100.csv,time,"(27.63658046722412, 35.23876214027405)","(27.721482753753662, 32.073309659957886)","(25.42261838912964, 34.030214071273804)","(25.434340000152588, 28.945082187652588)","(22.982885122299194, 25.53788661956787)","(26.76895809173584, 36.10457158088684)","(24.00051498413086, 28.260545253753662)","(28.206049919128418, 31.071913480758667)","(27.549797534942627, 48.57142972946167)","(30.31624460220337, 36.439825773239136)","(23.95884394645691, 27.121989965438843)","(32.04063820838928, 35.728034019470215)","(29.72762680053711, 41.881022691726685)","(25.817196130752563, 29.886053323745728)","(26.521177530288696, 30.880046129226685)","(25.26721715927124, 34.245837450027466)","(24.782585382461548, 28.695303678512573)","(35.70464587211609, 38.2242705821991)","(28.60369634628296, 34.36662578582764)","(33.14023303985596, 35.683666944503784)"
RC107_200_100.csv,obj,"(1337.74, 1335.980000000086)","(1379.5, 1316.9899999999998)","(1381.35, 1329.7800000000007)","(1359.8600000000001, 1336.4799999999998)","(1331.5400000000002, 1330.16)","(1404.1, 1354.2500000000011)","(1389.69, 1351.2099999999978)","(1353.7199999999998, 1332.2600000000107)","(1324.47, 1316.8)","(1425.16, 1390.1)","(1348.98, 1328.4299999999998)","(1303.6799999999998, 1302.8799999999999)","(1352.42, 1327.6000000000001)","(1345.63, 1333.0400000000002)","(1399.72, 1371.31)","(1362.2299999999998, 1333.0200000000002)","(1477.5399999999997, 1386.0800000000002)","(1320.15, 1316.3000000000002)","(1348.6500000000003, 1335.35)","(1322.52, 1314.7599999999998)"
RC107_200_100.csv,time,"(36.36716866493225, 49.33577561378479)","(60.35401940345764, 67.05728816986084)","(35.37553405761719, 38.28147506713867)","(47.145795822143555, 54.92987084388733)","(45.93572998046875, 59.46412754058838)","(47.63963556289673, 54.37507247924805)","(45.05256533622742, 57.24925351142883)","(35.51642966270447, 45.979634523391724)","(45.853206157684326, 55.11195254325867)","(39.937745332717896, 53.64898729324341)","(55.41407060623169, 62.21191477775574)","(61.10686230659485, 71.00994086265564)","(54.00598955154419, 66.71040534973145)","(52.22346472740173, 60.562620878219604)","(68.69407629966736, 104.79591107368469)","(46.539798974990845, 55.87355136871338)","(50.54974555969238, 60.696582555770874)","(45.09927845001221, 55.03118848800659)","(47.17143487930298, 57.5860755443573)","(67.5106508731842, 77.90624928474426)"
RC108_200_100.csv,obj,"(1288.45, 1288.45)","(1283.3, 1269.5700000000002)","(1384.59, 1363.25)","(1335.1999999999998, 1320.79)","(1359.9999999999998, 1359.9999999999998)","(1418.8400000000001, 1309.0)","(1362.8400000000001, 1349.6200000000001)","(1375.19, 1326.88)","(1264.3799999999999, 1258.01)","(1379.84, 1360.8300000000002)","(1422.32, 1400.0)","(1347.8500000000001, 1337.79)","(1302.46, 1282.8500000000001)","(1343.62, 1331.54)","(1365.71, 1348.0299999999997)","(1339.35, 1315.71)","(1313.65, 1288.2400000000061)","(1285.58, 1279.5)","(1335.3300000000002, 1300.3200000000052)","(1305.43, 1285.9099999999999)"
RC108_200_100.csv,time,"(88.7631721496582, 101.71477484703064)","(94.13688945770264, 106.06685400009155)","(70.66087460517883, 82.67363262176514)","(75.4771363735199, 108.79627513885498)","(43.51798105239868, 54.47241926193237)","(75.59832644462585, 82.90984463691711)","(51.41183590888977, 84.55988717079163)","(67.72466254234314, 76.64425420761108)","(40.41843938827515, 45.18323636054993)","(43.90106439590454, 54.84153723716736)","(26.065938234329224, 33.37596869468689)","(42.668397188186646, 53.71504497528076)","(67.40931987762451, 84.30425786972046)","(52.885092973709106, 84.94630265235901)","(61.002670764923096, 102.75720024108887)","(55.21179223060608, 62.084322452545166)","(68.30919623374939, 78.32307696342468)","(80.72755360603333, 86.62100863456726)","(73.4381787776947, 86.14724946022034)","(102.19313454627991, 125.79522585868835)"
RC201_1000_100.csv,obj,"(1378.39, 1351.8600000000001)","(1275.3799999999999, 1275.3799999999999)","(1283.4299999999998, 1283.4299999999998)","(1281.3, 1281.3)","(1279.5400000000002, 1279.5400000000002)","(1334.1599999999999, 1334.04)","(1274.82, 1274.82)","(1285.49, 1285.49)","(1333.1799999999998, 1333.1799999999998)","(1353.36, 1316.4099999999999)","(1313.3500000000001, 1313.3500000000001)","(1296.0099999999998, 1296.0099999999998)","(1309.92, 1309.92)","(1343.07, 1343.07)","(1340.0100000000002, 1340.0100000000002)","(1317.8700000000001, 1317.8700000000001)","(1292.91, 1292.91)","(1295.59, 1295.59)","(1293.9699999999998, 1293.9699999999998)","(1281.53, 1281.53)"
RC201_1000_100.csv,time,"(279.4355466365814, 296.55325293540955)","(175.62984228134155, 181.03098583221436)","(183.26700234413147, 189.35571551322937)","(220.44937467575073, 229.38202261924744)","(210.47422456741333, 215.16263842582703)","(207.74233198165894, 237.00135231018066)","(200.6879801750183, 207.46432399749756)","(174.31592392921448, 180.54772329330444)","(255.73263430595398, 283.1051046848297)","(255.18032336235046, 276.9935929775238)","(130.28348064422607, 137.63765501976013)","(182.77946162223816, 194.49399995803833)","(185.93900179862976, 200.0082302093506)","(213.34214639663696, 232.25181341171265)","(208.63299036026, 226.70922684669495)","(240.360657453537, 268.2288496494293)","(167.21027326583862, 172.39548659324646)","(150.10508751869202, 158.58981895446777)","(222.77297616004944, 226.45626521110535)","(236.02027130126953, 246.64446902275085)"
RC202_1000_100.csv,obj,"(1157.8600000000001, 1155.2700000000002)","(1150.5, 1150.5)","(1109.31, 1109.31)","(1167.95, 1167.95)","(1102.77, 1102.77)","(1117.74, 1117.74)","(1134.5600000000002, 1134.5600000000002)","(1158.61, 1158.61)","(1109.58, 1109.58)","(1136.85, 1136.85)","(1152.43, 1150.8300000000154)","(1111.3100000000002, 1111.3100000000002)","(1144.7900000000002, 1144.7900000000002)","(1109.8700000000001, 1109.8700000000001)","(1168.48, 1161.4100000000003)","(1102.46, 1102.46)","(1244.42, 1244.42)","(1104.6100000000001, 1104.6100000000001)","(1101.6599999999999, 1101.6599999999999)","(1131.45, 1131.45)"
RC202_1000_100.csv,time,"(456.88331937789917, 541.1056518554688)","(544.6414890289307, 633.4743731021881)","(526.9266958236694, 551.217523097992)","(578.4109325408936, 641.1574788093567)","(428.6064009666443, 450.2141525745392)","(671.0953416824341, 710.5966222286224)","(812.0038645267487, 874.4850058555603)","(873.7517509460449, 1125.0164098739624)","(522.4404258728027, 536.3856785297394)","(427.8928716182709, 458.00638937950134)","(542.40358710289, 619.5693395137787)","(447.46884655952454, 462.3184208869934)","(518.5748014450073, 609.1790499687195)","(533.0088119506836, 546.815580368042)","(467.37876558303833, 625.0548508167267)","(381.01956582069397, 395.62901425361633)","(463.1526529788971, 1079.135792016983)","(340.6376473903656, 366.1562440395355)","(405.321444272995, 411.83709740638733)","(371.15992069244385, 419.2982552051544)"
RC203_1000_100.csv,obj,"(1072.6699999999998, 1072.6699999999998)","(961.88, 961.88)","(987.91, 987.91)","(1254.1499999999999, 1206.8400000000004)","(1050.63, 1050.63)","(947.7, 947.7)","(1030.67, 1027.75)","(1053.64, 1044.1100000000001)","(1052.36, 1052.36)","(1035.62, 1035.62)","(1037.84, 1031.87)","(953.33, 953.33)","(1019.17, 1009.8799999999999)","(992.3400000000001, 992.3400000000001)","(942.49, 942.49)","(1044.64, 1044.64)","(1065.29, 1052.9799999999998)","(1034.11, 1022.9000000000001)","(998.83, 998.83)","(1144.3700000000001, 1120.58)"
RC203_1000_100.csv,time,"(1054.6650989055634, 3276.2882487773895)","(529.0683085918427, 544.1529393196106)","(1011.7630066871643, 1063.4228346347809)","(561.9827721118927, 1110.5243623256683)","(559.5977354049683, 663.0318470001221)","(567.6007905006409, 581.0461084842682)","(770.0997898578644, 964.7879772186279)","(859.7609446048737, 1029.128363609314)","(568.0991640090942, 720.5168163776398)","(511.6041669845581, 714.2733600139618)","(775.389283657074, 937.5852661132812)","(573.507340669632, 582.77175116539)","(454.00209522247314, 594.4404678344727)","(368.7773756980896, 398.26732754707336)","(607.1262595653534, 615.7668993473053)","(702.4547235965729, 1196.936729669571)","(661.716460943222, 2129.161472797394)","(614.7673826217651, 763.6434092521667)","(994.3750541210175, 1248.637983083725)","(908.5870871543884, 2875.2157967090607)"
RC204_1000_100.csv,obj,"(1180.1799694937492, 1162.59)","(1190.73, 1060.4699999999998)","(868.8800000000001, 868.8800000000001)","(955.28, 955.28)","(827.3499999999999, 827.3499999999999)","(1103.6499999999999, 1078.3899999999999)","(819.8, 819.8)","(1023.1099999999999, 991.13)","(1118.25, 1111.8000000000038)","(1107.54, 1107.54)","(1037.3200000000002, 1037.3200000000002)","(1066.79, 1041.52)","(1096.17, 1093.83)","(980.9100000000001, 946.0799999999999)","(851.83, 851.83)","(1113.2, 1104.5500000000002)","(1097.92, 1043.1799999999998)","(1085.9400000000003, 1012.4299999999998)","(1000.6800000000001, 925.3600000000001)","(1022.68, 1022.68)"
RC204_1000_100.csv,time,"(2673.41170501709, 2858.582326889038)","(1757.3935117721558, 1851.7869193553925)","(1645.2584142684937, 1681.3676147460938)","(1934.8199634552002, 2113.090819835663)","(986.411173582077, 995.6838054656982)","(1206.2132761478424, 1264.7079384326935)","(1097.9759771823883, 1104.9413158893585)","(2228.4472966194153, 2460.029371023178)","(798.7963244915009, 897.9330055713654)","(1564.5390040874481, 1660.6781454086304)","(1853.1013057231903, 2077.104474544525)","(2635.908774614334, 2902.171582698822)","(1753.9138598442078, 1894.3188893795013)","(2292.6621170043945, 2584.8590910434723)","(1284.7149677276611, 1314.8078207969666)","(2797.576118707657, 2882.2176265716553)","(906.8511338233948, 1028.4050824642181)","(1635.7283647060394, 1956.960308790207)","(892.0882380008698, 948.7567677497864)","(1455.8010256290436, 1838.3890204429626)"
RC205_1000_100.csv,obj,"(1290.4, 1258.175)","(1269.47, 1256.05)","(1254.3400000000001, 1249.010000000017)","(1333.1800000000003, 1324.88)","(1279.2, 1235.68)","(1321.48, 1304.5400000004518)","(1176.3899999999999, 1176.3899999999999)","(1257.9, 1239.3)","(1207.34, 1207.34)","(1278.46, 1272.4299999999998)","(1238.8600000000001, 1237.1200000000067)","(1262.0700000000002, 1262.0700000000002)","(1272.1499999999999, 1265.7799999999993)","(1264.8200000000002, 1264.8200000000002)","(1259.59, 1220.79)","(1250.52, 1239.7600000000075)","(1241.31, 1241.31)","(1235.72, 1235.72)","(1269.6599999999999, 1236.2250000000001)","(1212.8000000000002, 1212.8000000000002)"
RC205_1000_100.csv,time,"(187.3245072364807, 244.7951376438141)","(211.1189398765564, 270.5481586456299)","(217.26624488830566, 279.1401309967041)","(197.53365421295166, 348.5649185180664)","(221.36315846443176, 245.9036500453949)","(233.73899102210999, 474.4246361255646)","(153.71098279953003, 175.5468044281006)","(208.14952969551086, 235.2977991104126)","(211.98447012901306, 240.80325722694397)","(331.0597732067108, 608.7831346988678)","(128.1770830154419, 164.48214411735535)","(132.0188329219818, 169.34407329559326)","(270.01424288749695, 402.45442390441895)","(210.52518510818481, 303.89740109443665)","(149.48221278190613, 167.97182512283325)","(150.10941362380981, 176.72788286209106)","(195.12684082984924, 228.2056221961975)","(161.39066553115845, 238.40338897705078)","(151.74114537239075, 180.6208221912384)","(146.28021597862244, 183.1514060497284)"
RC206_1000_100.csv,obj,"(1073.7500000000002, 1073.7500000000002)","(1072.86, 1072.86)","(1093.9499999999998, 1093.9499999999998)","(1071.34, 1071.34)","(1087.35, 1087.35)","(1120.19, 1120.19)","(1096.3700000000001, 1096.3700000000001)","(1312.29, 1248.48000000001)","(1115.15, 1115.15)","(1089.1499999999999, 1089.1499999999999)","(1251.2000000000003, 1183.3600000000001)","(1101.4799999999998, 1101.4799999999998)","(1297.62, 1253.1000000000001)","(1089.34, 1089.34)","(1184.11, 1163.6100000000001)","(1085.8, 1085.8)","(1356.15, 1200.0966666666668)","(1218.94, 1209.8200000000006)","(1078.12, 1078.12)","(1104.06, 1104.06)"
RC206_1000_100.csv,time,"(222.8837068080902, 226.97784280776978)","(251.1276135444641, 255.07178831100464)","(248.75956082344055, 257.109806060791)","(280.4313108921051, 284.6477437019348)","(301.19316840171814, 306.01121282577515)","(222.66681146621704, 266.47896575927734)","(213.85475945472717, 227.1456642150879)","(292.73406529426575, 1341.7945775985718)","(284.449725151062, 361.2350244522095)","(194.69300436973572, 200.5352213382721)","(403.3948321342468, 2245.7194952964783)","(276.8988046646118, 283.52308201789856)","(346.2006096839905, 1523.1352014541626)","(186.1931974887848, 193.04824471473694)","(304.54019951820374, 1223.7633109092712)","(211.68475103378296, 215.94743537902832)","(342.3815703392029, 541.4900622367859)","(265.70816349983215, 1209.486716747284)","(229.47095465660095, 233.85461735725403)","(216.29721093177795, 247.30905175209045)"
RC207_1000_100.csv,obj,"(1264.6, 1228.0400000000002)","(1233.0900000000001, 1211.355)","(1144.49, 1135.43)","(1218.58, 1184.3700000000001)","(1171.79, 1098.0300000000002)","(1104.97, 1084.37)","(1232.63, 1180.735)","(1150.79, 1150.79)","(1107.2599999999998, 1107.2599999999998)","(1280.24, 1168.3100000000577)","(1271.04, 1183.25)","(1359.1699999999998, 1263.6400000000003)","(1244.3899999999999, 1185.47)","(1176.02, 1161.4200000000005)","(1151.34, 1151.34)","(1290.3200000000002, 1196.6000000000001)","(1190.97, 1148.3100000000022)","(1256.23, 1213.84)","(1212.6200000000001, 1144.5900000000001)","(1309.5300000000002, 1157.6799999999998)"
RC207_1000_100.csv,time,"(508.18103098869324, 997.2561292648315)","(301.34003233909607, 2477.1911444664)","(387.9061245918274, 1477.5552039146423)","(284.30363488197327, 537.8454148769379)","(352.7281997203827, 1561.8096311092377)","(498.87810158729553, 976.8505396842957)","(450.45930075645447, 1498.735153913498)","(324.21259570121765, 650.010576248169)","(317.368376493454, 2928.6504180431366)","(403.66487550735474, 740.3004584312439)","(498.1979880332947, 587.0736794471741)","(400.5585744380951, 1054.7516496181488)","(401.8589267730713, 2017.7109682559967)","(515.287638425827, 1423.8283891677856)","(287.34431076049805, 2376.166944026947)","(313.9347679615021, 562.8220806121826)","(316.30936098098755, 1964.6898546218872)","(291.326584815979, 957.7745363712311)","(238.0037579536438, 948.721842288971)","(256.39138317108154, 291.88933300971985)"
RC208_1000_100.csv,obj,"(1140.98, 1140.98)","(920.28, 919.25)","(878.06, 878.06)","(851.7499999999998, 851.7499999999998)","(913.14, 913.14)","(885.0999999999999, 885.0999999999999)","(1066.59, 1066.59)","(936.73, 936.73)","(939.93, 939.93)","(933.81, 933.81)","(1132.58, 1132.58)","(852.94, 852.94)","(802.1099999999999, 802.1099999999999)","(1012.98, 1012.98)","(853.8399999999999, 853.8399999999999)","(941.1899999999999, 941.1899999999999)","(968.05, 968.05)","(1002.3499999999999, 1002.3499999999999)","(829.23, 829.23)","(1042.34, 1042.34)"
RC208_1000_100.csv,time,"(447.30799412727356, 472.9196891784668)","(272.7152614593506, 282.0068898200989)","(328.7493817806244, 338.79511761665344)","(626.755838394165, 632.8183555603027)","(637.8300275802612, 665.2296011447906)","(446.0647509098053, 461.1664152145386)","(502.8047659397125, 521.2953634262085)","(634.6811878681183, 652.884336233139)","(412.48771500587463, 421.6908392906189)","(316.2215130329132, 329.2448408603668)","(583.9283292293549, 615.015257358551)","(314.30110144615173, 318.5823712348938)","(496.5435836315155, 497.77796053886414)","(675.5412955284119, 791.0332832336426)","(363.7279369831085, 366.75663018226624)","(404.86785769462585, 424.23991656303406)","(538.6289234161377, 562.1101086139679)","(539.3789627552032, 566.8922975063324)","(357.03227853775024, 360.813529253006)","(351.98680305480957, 371.4922456741333)"
