C101_200_100.csv,obj,"(1010.85, 974.84)","(1045.8700000000001, 1012.9200000000006)","(978.8899999999999, 956.1700000000011)","(950.59, 947.78)","(1001.0500000000001, 956.9000000000001)","(950.75, 950.75)","(998.62, 984.1900000000402)","(1029.09, 1012.9700000000016)","(1015.6099999999999, 972.9400000000002)","(968.48, 940.33)","(957.0100000000001, 947.7800000000001)","(1001.19, 990.3499999999999)","(1019.2300000000001, 1000.1500000000001)","(964.45, 944.64)","(1061.09, 1018.1600000000001)","(977.7199999999999, 962.06)","(1021.47, 1006.9000000000001)","(931.6099999999999, 903.9)","(991.26, 943.03)","(943.6100000000001, 937.3500000000004)"
C101_200_100.csv,time,"(15.813155174255371, 18.424691915512085)","(12.122119903564453, 16.365405321121216)","(18.219902276992798, 21.271321773529053)","(18.682506561279297, 21.467469692230225)","(15.67663311958313, 17.713084936141968)","(18.671095371246338, 21.54831337928772)","(15.377670288085938, 17.893836498260498)","(12.410860538482666, 16.124234199523926)","(13.067289590835571, 16.849032640457153)","(16.40029740333557, 18.476140022277832)","(18.163771867752075, 20.48241376876831)","(13.3366117477417, 18.759512186050415)","(12.766857624053955, 16.026875257492065)","(26.54888343811035, 29.50036120414734)","(12.704869031906128, 16.485148906707764)","(21.45350408554077, 26.460209608078003)","(15.990334749221802, 20.20634913444519)","(17.353575944900513, 19.15129852294922)","(14.295833587646484, 15.943324565887451)","(18.953208446502686, 22.054783821105957)"
C102_200_100.csv,obj,"(1016.82, 985.7200000000057)","(1039.74, 1011.5699999999999)","(983.27, 983.27)","(1002.8800000000001, 982.83)","(973.7900000000001, 957.0899999999999)","(1221.61, 1151.5700000000002)","(1051.2, 1019.95)","(1060.4099999999999, 1014.55)","(1180.95, 1122.960000000001)","(1146.64, 1099.85)","(968.5300000000001, 962.739999999995)","(1061.6499999999999, 1061.6499999999999)","(1137.3, 1046.0099999999998)","(1003.9099999999999, 993.57)","(970.0500000000002, 966.1699894226117)","(1074.32, 1046.56)","(1034.21, 1008.7700000000001)","(1049.2800000000002, 1033.18)","(999.56, 975.65)","(1041.3400000000001, 999.8400000000001)"
C102_200_100.csv,time,"(19.997100830078125, 23.965927839279175)","(19.254724264144897, 23.081748962402344)","(24.46297550201416, 27.02725100517273)","(24.061593294143677, 27.469202756881714)","(33.29754638671875, 35.45564937591553)","(15.246635675430298, 19.921980619430542)","(25.21610164642334, 30.29125142097473)","(23.154099464416504, 26.495635509490967)","(18.90035080909729, 23.3190279006958)","(21.50855851173401, 27.106884717941284)","(22.91222333908081, 25.725248098373413)","(20.097522497177124, 23.820945978164673)","(21.741416215896606, 24.17547345161438)","(22.34044647216797, 25.788367986679077)","(26.854211568832397, 29.607466220855713)","(17.156253814697266, 21.22458028793335)","(22.913561582565308, 26.466964960098267)","(20.59776496887207, 23.7403621673584)","(30.35722517967224, 34.52919340133667)","(19.716200828552246, 22.193213939666748)"
C103_200_100.csv,obj,"(1009.1099999999999, 986.98)","(984.89, 968.9300000000001)","(986.32, 984.3799999999993)","(912.8800000000001, 912.8800000000001)","(973.54, 942.26)","(1032.22, 1008.29)","(1082.3999999999999, 1044.96)","(909.0400000000001, 908.1099999999999)","(890.6600000000001, 890.6600000000001)","(1100.6100000000001, 1057.2799999999997)","(1235.0799999999997, 1161.4000000000049)","(1013.13, 991.48)","(1043.54, 1016.87)","(922.75, 914.8800000000001)","(954.6399999999999, 952.19)","(1054.0300000000002, 1038.3900000000008)","(988.81, 949.77)","(1053.42, 1049.3600000000001)","(959.24, 959.24)","(989.3499999999999, 972.3599999999999)"
C103_200_100.csv,time,"(25.54020118713379, 28.16934633255005)","(34.630717039108276, 39.16752910614014)","(29.974963903427124, 33.31875562667847)","(41.045671701431274, 43.55151700973511)","(47.24549198150635, 49.431511878967285)","(26.76957631111145, 31.15272092819214)","(24.708075284957886, 29.54043960571289)","(41.46642875671387, 43.9864227771759)","(35.63677406311035, 37.07391619682312)","(31.549893379211426, 36.97293186187744)","(17.98319673538208, 21.158308029174805)","(33.05733799934387, 37.94256234169006)","(22.342260122299194, 25.792805671691895)","(30.160444021224976, 31.65703845024109)","(29.615020036697388, 31.808747053146362)","(20.35900068283081, 23.417027950286865)","(30.711848735809326, 33.40288233757019)","(25.07717800140381, 29.167340993881226)","(29.265782356262207, 31.299853324890137)","(21.394287824630737, 23.510611057281494)"
C104_200_100.csv,obj,"(1009.86, 994.6600000000001)","(960.6499999999999, 935.6999999999999)","(924.7300000000001, 924.7300000000001)","(916.8200000000002, 916.8200000000002)","(936.33, 934.0400000000001)","(938.6700000000002, 938.6700000000002)","(980.35, 961.9300000000001)","(976.01, 958.54)","(893.45, 893.45)","(856.0400000000001, 856.0400000000001)","(928.9499999999999, 928.9499999999999)","(917.69, 914.03)","(914.21, 914.21)","(896.3499999999999, 896.3499999999999)","(901.13, 901.13)","(873.36, 873.36)","(968.2299999999999, 968.2299999999999)","(976.5600000000001, 950.34)","(927.03, 927.03)","(956.78, 938.4300000000001)"
C104_200_100.csv,time,"(27.038478136062622, 28.7941677570343)","(52.055628538131714, 54.17657780647278)","(44.02455234527588, 46.20355701446533)","(51.910014152526855, 53.261345863342285)","(29.539217948913574, 30.37227439880371)","(42.28884196281433, 43.90739107131958)","(33.57780122756958, 35.181214570999146)","(36.675557374954224, 38.06771445274353)","(61.80887460708618, 63.44256901741028)","(46.18397498130798, 46.62407040596008)","(49.294137716293335, 51.68425726890564)","(46.01934266090393, 46.97625398635864)","(36.22382640838623, 37.18136143684387)","(34.571305990219116, 35.523956298828125)","(39.928929805755615, 41.122843503952026)","(43.127408504486084, 43.61179566383362)","(33.50483059883118, 36.052916526794434)","(40.97242712974548, 42.54783368110657)","(35.34203505516052, 36.73488163948059)","(34.78099274635315, 36.250121116638184)"
C105_200_100.csv,obj,"(988.2599999999999, 973.74)","(1014.4999999999999, 973.8800000000002)","(1310.72, 1204.3300000000302)","(894.42, 894.42)","(984.41, 976.5800000000022)","(935.1700000000001, 920.93)","(1090.5700000000002, 1027.31)","(1017.2400000000001, 998.03)","(971.3, 970.5)","(1275.42, 1178.94)","(987.6000000000001, 987.6000000000001)","(1039.93, 1038.3000000000002)","(1119.3899999999999, 1061.7899999999997)","(1051.53, 1014.5)","(1039.31, 1017.21)","(1213.02, 1120.6200000000006)","(956.92, 956.92)","(1156.25, 1121.05)","(957.9900000000001, 939.2400000000156)","(979.6700000000001, 943.0033333333333)"
C105_200_100.csv,time,"(15.250165700912476, 17.643561363220215)","(20.010850429534912, 22.885916233062744)","(8.9768545627594, 12.525075197219849)","(14.263281106948853, 15.803414106369019)","(14.695576667785645, 17.9107928276062)","(18.129955530166626, 19.815268516540527)","(10.964322805404663, 13.726834058761597)","(13.134119033813477, 16.341779470443726)","(18.546083688735962, 21.87653160095215)","(4.545665502548218, 5.479679346084595)","(16.618146419525146, 20.522941827774048)","(13.352352857589722, 15.060936212539673)","(12.337497234344482, 16.122243881225586)","(15.036742925643921, 18.623867750167847)","(13.848899126052856, 15.98081374168396)","(9.5788893699646, 11.98337197303772)","(21.127619981765747, 23.72062110900879)","(9.515539169311523, 12.415205955505371)","(21.415099382400513, 22.87370228767395)","(17.332538604736328, 18.961968183517456)"
C106_200_100.csv,obj,"(1005.9499999999999, 991.0099999999999)","(1092.16, 1060.2100000000005)","(1055.4299999999998, 1042.35)","(1427.56, 1278.4150000000002)","(1146.13, 1096.6700000000026)","(1014.0799999999999, 995.84)","(1033.1499999999999, 1030.78)","(1004.47, 980.64)","(971.92, 968.44)","(932.43, 912.3399999999999)","(1033.6599999999999, 1021.98)","(974.51, 966.79)","(951.4199999999998, 921.14)","(1743.3799897428994, 1562.0)","(986.51, 963.18)","(1122.04, 1058.790000000003)","(1053.12, 1031.2800000000002)","(959.12, 937.4000000000002)","(1194.0500000000002, 1144.78)","(1220.5500000000002, 1129.38)"
C106_200_100.csv,time,"(17.8541898727417, 20.84894299507141)","(13.662844181060791, 16.85288667678833)","(17.601210594177246, 22.40583372116089)","(4.85431432723999, 6.06520414352417)","(13.395193099975586, 18.903061628341675)","(19.840882301330566, 22.267992973327637)","(21.829509973526, 27.293163061141968)","(20.258928298950195, 24.912201166152954)","(20.332873106002808, 24.009031295776367)","(27.493744134902954, 28.780386209487915)","(20.45927119255066, 26.5825617313385)","(15.608530759811401, 18.395583152770996)","(22.413450956344604, 24.271571159362793)","(2.8362696170806885, 3.6105008125305176)","(20.44180703163147, 23.21043372154236)","(14.78482437133789, 16.308682203292847)","(16.142754554748535, 21.256985187530518)","(20.7452609539032, 22.70421862602234)","(14.207422494888306, 17.83335256576538)","(9.581517934799194, 12.712227821350098)"
C107_200_100.csv,obj,"(983.83, 975.8200000000055)","(908.06, 908.06)","(1162.0500000000002, 1086.1399999999999)","(972.0200000000001, 942.6299999999999)","(979.1100000000001, 971.2)","(1106.47, 1082.94)","(1024.4199999999998, 977.1200000000011)","(1121.1399999999999, 1071.74)","(1015.4100000000001, 970.92)","(1036.32, 1016.4099999999999)","(906.8700000000001, 906.8700000000001)","(1074.71, 1047.9799999999998)","(948.9200000000001, 929.770000000005)","(917.7900000000002, 913.22)","(1166.74, 1086.2800000000002)","(1185.38, 1130.1300000000006)","(1057.54, 1005.5600000000013)","(1022.0500000000001, 1017.51)","(983.9200000000001, 970.98)","(1074.2, 1042.92)"
C107_200_100.csv,time,"(18.19950795173645, 21.41438364982605)","(17.996582746505737, 19.263084173202515)","(16.13858985900879, 21.289302110671997)","(17.859623908996582, 20.625466108322144)","(18.84185290336609, 22.13837194442749)","(17.00208306312561, 40.206218004226685)","(17.186676025390625, 20.4376220703125)","(14.360723972320557, 16.902875423431396)","(22.142614364624023, 24.554690837860107)","(15.77909517288208, 18.90426731109619)","(18.18985676765442, 20.57445788383484)","(17.136054277420044, 21.64597773551941)","(21.593196868896484, 22.866788864135742)","(22.134464740753174, 23.96502447128296)","(13.089067935943604, 16.62843132019043)","(10.713576555252075, 13.86581540107727)","(13.843135118484497, 16.49969983100891)","(13.850592374801636, 15.822926759719849)","(16.954938650131226, 18.89652967453003)","(17.28234076499939, 23.07358717918396)"
C108_200_100.csv,obj,"(910.6800000000001, 905.9599999999999)","(912.8199999999999, 910.15)","(1104.2499999999998, 1084.4399999999998)","(1233.62, 1151.0000000000002)","(1015.8600000000001, 977.6700000000001)","(1231.21, 1123.3)","(1016.2099999999999, 997.68)","(970.75, 970.75)","(991.83, 969.78)","(934.86, 934.86)","(1017.01, 1003.4899999999999)","(980.74, 972.46)","(1063.76, 1046.06)","(987.3800000000001, 979.7)","(1032.21, 1004.7500000000001)","(915.8399999999999, 915.8399999999999)","(994.2000000000002, 989.9800000000001)","(1008.7099999999999, 989.1700000000001)","(1023.59, 971.3000000000002)","(994.6800000000001, 959.9800000000001)"
C108_200_100.csv,time,"(26.037697076797485, 27.525779247283936)","(18.53608727455139, 20.34900689125061)","(15.199863910675049, 18.945924997329712)","(14.706872463226318, 18.181982040405273)","(19.12787890434265, 22.888082265853882)","(12.883665561676025, 16.452702522277832)","(22.170652389526367, 25.18165922164917)","(18.23378586769104, 20.740607500076294)","(22.334641218185425, 25.913007497787476)","(25.572577238082886, 27.291722297668457)","(15.929278373718262, 19.652207612991333)","(20.220658540725708, 24.05359935760498)","(19.271759271621704, 24.99914312362671)","(16.99309778213501, 19.318564414978027)","(16.341612339019775, 19.851415157318115)","(29.198137521743774, 32.11441230773926)","(22.27067232131958, 24.565457105636597)","(21.971914768218994, 24.165833473205566)","(20.049171924591064, 22.568657398223877)","(22.14151167869568, 24.709494590759277)"
C109_200_100.csv,obj,"(837.9399999999999, 837.9399999999999)","(851.8199999999999, 851.8199999999999)","(922.25, 922.25)","(934.4100000000001, 912.9800000000001)","(944.23, 925.82)","(902.87, 902.87)","(989.66, 980.9700000000001)","(837.7800000000001, 837.7800000000001)","(832.82, 832.82)","(932.06, 932.06)","(902.41, 902.41)","(934.1300000000001, 934.1300000000001)","(910.6100000000001, 909.8)","(848.93, 848.93)","(843.5100000000001, 843.5100000000001)","(918.72, 918.72)","(910.41, 910.41)","(946.1700000000001, 946.1700000000001)","(843.3700000000001, 843.3700000000001)","(898.69, 898.69)"
C109_200_100.csv,time,"(27.113125324249268, 27.990824460983276)","(25.276254653930664, 26.173088788986206)","(27.154974222183228, 28.28608751296997)","(18.995020627975464, 20.204189777374268)","(17.15731382369995, 18.51821279525757)","(25.077188968658447, 26.77845859527588)","(23.941383361816406, 27.488757848739624)","(23.136300086975098, 24.001282453536987)","(23.846545457839966, 24.72361993789673)","(25.92861270904541, 27.7681941986084)","(30.030067205429077, 31.734935760498047)","(25.796191692352295, 27.862526893615723)","(21.761179208755493, 23.889634132385254)","(31.293145656585693, 32.21684169769287)","(24.731823205947876, 25.62630033493042)","(30.485227346420288, 32.27524781227112)","(26.17490577697754, 27.93219542503357)","(18.955623865127563, 20.306252479553223)","(23.87896490097046, 24.75537919998169)","(29.233705759048462, 31.11516237258911)"
C201_700_100.csv,obj,"(756.4599999999999, 705.2)","(591.5799999999999, 591.5799999999999)","(665.03, 655.3300000000031)","(629.97, 629.97)","(656.3600000000001, 647.5700000000018)","(626.6800000000001, 626.6800000000001)","(621.0299999999999, 621.0299999999999)","(631.43, 631.43)","(591.5799999999999, 591.5799999999999)","(614.93, 614.93)","(637.41, 637.41)","(652.5699999999999, 652.5699999999999)","(619.4599999999999, 619.4599999999999)","(614.9300000000001, 614.9300000000001)","(630.48, 630.48)","(635.49, 635.49)","(675.2, 650.7499999999999)","(683.9299999999998, 681.8499999999998)","(670.5899999999999, 641.2500000000009)","(591.5799999999998, 591.5799999999998)"
C201_700_100.csv,time,"(20.174208164215088, 33.737744092941284)","(37.66276025772095, 52.24780225753784)","(26.614967107772827, 42.3846161365509)","(35.71954560279846, 51.01400303840637)","(26.081185579299927, 44.63259410858154)","(35.351948976516724, 51.761013984680176)","(26.24413800239563, 37.8200044631958)","(29.826958894729614, 42.087708711624146)","(35.05777335166931, 49.6180145740509)","(27.20120859146118, 47.309568643569946)","(29.95477604866028, 40.966506004333496)","(26.132632732391357, 41.33720397949219)","(31.22024965286255, 46.800886392593384)","(25.963886499404907, 45.770965814590454)","(28.700724601745605, 44.03400373458862)","(25.14688730239868, 40.248064041137695)","(25.340051889419556, 44.49890613555908)","(28.56844162940979, 49.51708245277405)","(29.621810913085938, 44.796222448349)","(27.844712734222412, 42.40804100036621)"
C202_700_100.csv,obj,"(595.1399999999999, 595.1399999999999)","(631.1299999999999, 631.1299999999999)","(626.6800000000001, 626.6800000000001)","(631.6300000000001, 631.6300000000001)","(591.5799999999998, 591.5799999999998)","(634.6899999999999, 634.6899999999999)","(631.43, 631.43)","(660.3899999999999, 660.3899999999999)","(655.58, 655.58)","(653.8299999999999, 636.5799999999999)","(689.55, 662.7799999999999)","(706.14, 705.86)","(630.48, 630.48)","(628.3799999999999, 628.3799999999999)","(641.8, 641.8)","(671.6499999999999, 671.6499999999999)","(643.41, 643.41)","(639.55, 639.55)","(628.1299999999999, 628.1299999999999)","(629.97, 629.97)"
C202_700_100.csv,time,"(40.681092739105225, 104.30158281326294)","(37.487680435180664, 94.40484166145325)","(49.17178153991699, 106.66026282310486)","(42.57470226287842, 99.43506979942322)","(52.642557859420776, 116.87947034835815)","(58.01549434661865, 107.660325050354)","(54.05425977706909, 144.14762115478516)","(70.94259119033813, 233.65803456306458)","(66.11205530166626, 185.7045819759369)","(63.33959770202637, 178.12600016593933)","(65.4675829410553, 171.50511860847473)","(68.17961025238037, 225.84148335456848)","(72.38638591766357, 183.49844217300415)","(72.97415518760681, 153.96886348724365)","(61.1874475479126, 176.7194468975067)","(53.40961313247681, 182.86553859710693)","(70.12890696525574, 195.52181601524353)","(61.05428075790405, 162.9951753616333)","(62.527549028396606, 175.57791781425476)","(82.22901201248169, 204.6361153125763)"
C203_700_100.csv,obj,"(659.8799999999999, 659.8799999999999)","(666.1499999999999, 650.55)","(668.1999999999999, 636.76)","(716.0600000000001, 715.55)","(697.59, 686.4300000000018)","(643.68, 643.68)","(638.2299999999999, 637.1899999999999)","(675.9, 675.9)","(633.7399999999999, 633.7399999999999)","(645.6299999999999, 645.6299999999999)","(669.91, 669.91)","(687.7599999999999, 687.7599999999999)","(660.28, 660.28)","(640.9599999999999, 640.9599999999999)","(690.25, 690.25)","(661.9000000000001, 661.9000000000001)","(895.31, 873.21)","(610.52, 610.52)","(688.99, 666.7200000000004)","(704.6499999999999, 676.4900000000002)"
C203_700_100.csv,time,"(80.80966305732727, 137.3364794254303)","(83.94107413291931, 128.63083267211914)","(96.08003950119019, 192.97240829467773)","(57.51259708404541, 141.93920302391052)","(67.25583672523499, 97.90692043304443)","(79.11824822425842, 177.07012152671814)","(84.28028750419617, 195.96505737304688)","(84.06797218322754, 116.74807691574097)","(77.31826591491699, 119.12998175621033)","(67.84232783317566, 189.93700575828552)","(70.9016900062561, 132.05803275108337)","(66.28040719032288, 100.44970345497131)","(73.95363903045654, 107.06184101104736)","(72.42645788192749, 104.10940670967102)","(80.35889172554016, 114.48150658607483)","(86.1654155254364, 126.69763112068176)","(57.734586238861084, 178.86193370819092)","(94.31268310546875, 205.56636261940002)","(72.44758319854736, 113.3190062046051)","(73.00154066085815, 104.90904521942139)"
C204_700_100.csv,obj,"(659.8599999999999, 659.8599999999999)","(674.02, 668.49)","(660.87, 660.87)","(722.2700000000001, 721.79)","(2569.2999999999997, 2553.85)","(649.27, 649.27)","(655.73, 654.12)","(644.03, 644.03)","(774.9000000000001, 774.9000000000001)","(674.24, 674.24)","(648.75, 648.75)","(653.49, 653.49)","(643.4, 643.12)","(783.45, 744.76)","(656.73, 656.73)","(599.3299999999999, 599.3299999999999)","(641.8399999999999, 641.8399999999999)","(1041.3199999999997, 1041.3199999999997)","(683.4799999999999, 683.4799999999999)","(818.9699999999999, 818.9699999999999)"
C204_700_100.csv,time,"(112.52714490890503, 132.6820149421692)","(134.07785558700562, 152.7618215084076)","(105.68578839302063, 125.49699640274048)","(85.28292846679688, 106.1067886352539)","(2.062288522720337, 2.2318971157073975)","(118.52102661132812, 134.72005534172058)","(114.51529026031494, 130.90275478363037)","(98.54547953605652, 114.11818099021912)","(98.21307420730591, 152.25311756134033)","(115.71054673194885, 137.1466782093048)","(128.25869584083557, 138.50015354156494)","(163.02453875541687, 178.5104591846466)","(98.25585865974426, 110.09369134902954)","(112.12198233604431, 140.31374979019165)","(107.5626916885376, 121.66662096977234)","(102.58153820037842, 115.65362763404846)","(98.29315233230591, 110.03077816963196)","(80.35956311225891, 124.28919219970703)","(94.12800121307373, 109.6315975189209)","(93.93900465965271, 133.8689706325531)"
C205_700_100.csv,obj,"(592.6400000000001, 592.6400000000001)","(750.1199999999999, 708.2399999999999)","(615.5699999999999, 615.5699999999999)","(761.1399999999999, 731.3399999999999)","(609.6899999999999, 609.6899999999999)","(660.13, 660.13)","(636.8999999999999, 636.8999999999999)","(708.81, 695.68)","(630.8499999999999, 630.8499999999999)","(595.4, 595.4)","(635.48, 635.48)","(668.1999999999999, 668.1999999999999)","(593.11, 593.11)","(610.01, 610.01)","(620.27, 620.27)","(639.3699999999999, 639.3699999999999)","(610.1199999999999, 610.1199999999999)","(629.94, 629.94)","(637.1499999999999, 637.1499999999999)","(651.86, 651.86)"
C205_700_100.csv,time,"(40.09738111495972, 99.98221111297607)","(27.068994283676147, 79.30528593063354)","(42.23973083496094, 105.08469200134277)","(29.298287391662598, 99.05879878997803)","(32.54794502258301, 92.88028454780579)","(36.592444896698, 98.9083845615387)","(39.222875118255615, 100.26765513420105)","(35.82545709609985, 101.98836469650269)","(37.9573278427124, 97.78175187110901)","(33.68984627723694, 93.2079427242279)","(34.65343880653381, 93.30803227424622)","(39.84569978713989, 104.32636141777039)","(42.03343081474304, 101.94378709793091)","(29.511504888534546, 83.55766201019287)","(37.66557860374451, 99.27805161476135)","(35.313225984573364, 74.1404709815979)","(39.677661418914795, 75.54507446289062)","(43.77836513519287, 105.18043351173401)","(29.23789691925049, 93.56547617912292)","(35.970712423324585, 93.24402451515198)"
C206_700_100.csv,obj,"(639.08, 639.08)","(619.75, 619.75)","(615.4799999999999, 615.4799999999999)","(1768.3600000000001, 1709.42)","(729.08, 715.4799999999999)","(630.5799999999999, 630.5799999999999)","(594.8999999999999, 594.8999999999999)","(629.7, 629.7)","(597.08, 597.08)","(589.84, 589.84)","(618.6299999999999, 618.6299999999999)","(653.61, 653.61)","(637.98, 637.98)","(671.12, 668.28)","(610.98, 610.98)","(622.87, 622.87)","(695.23, 687.12)","(620.9199999999998, 620.9199999999998)","(632.8299999999999, 632.8299999999999)","(1776.1799999999998, 1776.1799999999998)"
C206_700_100.csv,time,"(48.78264856338501, 123.39959144592285)","(43.06603717803955, 155.2130799293518)","(51.49352169036865, 190.66530418395996)","(1.4789056777954102, 25.77065634727478)","(38.766170501708984, 156.77576613426208)","(49.680612564086914, 165.93253898620605)","(50.060518980026245, 158.24086165428162)","(42.7522075176239, 155.04608297348022)","(56.389156103134155, 165.8036572933197)","(52.37156939506531, 160.6251904964447)","(43.120877265930176, 140.15092253684998)","(50.53846287727356, 188.7773928642273)","(42.12648677825928, 156.52400588989258)","(46.01577162742615, 159.87667155265808)","(49.876546144485474, 115.70516681671143)","(43.90162706375122, 142.1868758201599)","(41.68888068199158, 151.76782727241516)","(51.78318738937378, 149.4786970615387)","(48.91832685470581, 158.98047399520874)","(1.5104928016662598, 42.734577655792236)"
C207_700_100.csv,obj,"(595.4300000000001, 595.4300000000001)","(703.2599999999999, 691.6299999999999)","(675.38, 675.38)","(647.08, 647.08)","(703.0799999999999, 671.8899999999999)","(612.6899999999999, 612.6899999999999)","(677.5799999999999, 675.96)","(602.33, 602.33)","(670.3100000000001, 670.3100000000001)","(617.9100000000001, 617.9100000000001)","(652.8199999999999, 652.8199999999999)","(670.69, 670.69)","(697.5699999999999, 697.5699999999999)","(652.6499999999999, 646.96)","(715.23, 682.0600000000001)","(656.1399999999999, 656.1399999999999)","(661.36, 638.5)","(652.5099999999999, 650.03)","(717.9, 717.9)","(623.7199999999999, 623.7199999999999)"
C207_700_100.csv,time,"(57.65589165687561, 635.5109670162201)","(51.87793803215027, 493.5547113418579)","(49.243656396865845, 520.7657942771912)","(51.3227801322937, 471.54781556129456)","(45.68735933303833, 439.11649560928345)","(64.95957732200623, 613.7395718097687)","(58.1100652217865, 624.7659904956818)","(49.00429439544678, 624.4898099899292)","(48.18235468864441, 511.88113498687744)","(58.3011212348938, 475.84516620635986)","(42.26783609390259, 762.9104695320129)","(49.996209383010864, 258.73863911628723)","(49.99717330932617, 516.0831534862518)","(49.40521478652954, 348.4368267059326)","(45.72483968734741, 635.3763046264648)","(49.845733404159546, 633.4675123691559)","(50.57664108276367, 635.1402053833008)","(54.34333610534668, 641.7754638195038)","(44.33861184120178, 688.2091608047485)","(53.432411670684814, 626.311112165451)"
C208_700_100.csv,obj,"(647.4000000000001, 647.4000000000001)","(717.8199999999999, 717.8199999999999)","(639.3599999999999, 639.3599999999999)","(598.42, 598.42)","(630.24, 630.24)","(628.49, 628.49)","(601.19, 601.19)","(621.9499999999999, 621.9499999999999)","(620.7, 620.7)","(620.65, 620.65)","(660.5300000000001, 660.5300000000001)","(668.2299999999999, 668.2299999999999)","(635.33, 635.33)","(632.81, 632.81)","(648.4100000000001, 635.2)","(647.62, 647.62)","(712.3599999999999, 704.12)","(673.1200000000001, 648.83)","(714.0699999999999, 700.31)","(635.8900000000001, 635.8900000000001)"
C208_700_100.csv,time,"(54.10126352310181, 484.35519909858704)","(47.6558792591095, 431.51552748680115)","(51.56029152870178, 478.2972390651703)","(51.84710335731506, 573.3175377845764)","(57.50752568244934, 586.1560711860657)","(67.1581518650055, 570.8932287693024)","(53.63664746284485, 572.2578837871552)","(45.36077666282654, 416.9501714706421)","(60.4836061000824, 592.4144518375397)","(48.64919853210449, 420.34983587265015)","(48.17743682861328, 632.7147760391235)","(61.53966546058655, 410.5374746322632)","(57.40945768356323, 596.5259227752686)","(59.20618414878845, 587.0519847869873)","(51.332385540008545, 488.29625248908997)","(60.60519552230835, 495.398197889328)","(54.17465162277222, 494.16674184799194)","(50.36333727836609, 548.6068811416626)","(51.130122661590576, 406.83453369140625)","(69.15815162658691, 613.4837465286255)"
R101_200_100.csv,obj,"(1656.29, 1653.4000000000003)","(1648.56, 1648.56)","(1654.1399999999999, 1654.1399999999999)","(1657.68, 1656.3799999999999)","(1656.5300000000002, 1652.9100000000003)","(1656.0300000000002, 1653.86)","(1648.2799999999997, 1648.2799999999997)","(1652.7, 1652.7)","(1657.1300000000003, 1656.1399999999999)","(1650.65, 1650.65)","(1644.4899999999998, 1644.4899999999998)","(1652.61, 1650.4099999999999)","(1645.0700000000002, 1645.0700000000002)","(1647.75, 1647.75)","(1651.1699999999998, 1651.1699999999998)","(1645.5100000000002, 1645.5100000000002)","(1649.6599999999999, 1649.6599999999999)","(1644.78, 1644.78)","(1644.8100000000002, 1644.8100000000002)","(1645.2700000000002, 1645.2700000000002)"
R101_200_100.csv,time,"(7.847179889678955, 8.243712663650513)","(6.965899229049683, 7.397297620773315)","(7.01511812210083, 7.65561842918396)","(6.533260345458984, 7.083581447601318)","(7.8412580490112305, 8.500311374664307)","(6.501794815063477, 7.15076470375061)","(6.5625011920928955, 7.018207788467407)","(6.68154501914978, 7.218165874481201)","(7.117991209030151, 7.615833520889282)","(8.426741123199463, 8.955972671508789)","(7.181488275527954, 7.597760438919067)","(6.4439146518707275, 7.000147819519043)","(8.473652601242065, 9.01256537437439)","(6.812625885009766, 7.373567581176758)","(7.753637790679932, 8.263159036636353)","(7.668641567230225, 8.197583675384521)","(7.398009300231934, 7.865765333175659)","(8.805135488510132, 9.363355159759521)","(7.105943918228149, 7.606591463088989)","(8.635349035263062, 9.141717195510864)"
R102_200_100.csv,obj,"(1476.6499999999999, 1476.6499999999999)","(1475.5300000000002, 1475.5300000000002)","(1476.6899999999998, 1476.6899999999998)","(1478.46, 1478.46)","(1477.5199999999998, 1477.5199999999998)","(1481.58, 1481.58)","(1480.22, 1480.22)","(1477.53, 1477.53)","(1477.35, 1477.35)","(1479.57, 1479.57)","(1477.3799999999999, 1477.3799999999999)","(1479.19, 1479.19)","(1477.92, 1477.92)","(1478.24, 1478.24)","(1479.2300000000002, 1479.2300000000002)","(1479.2600000000002, 1479.2600000000002)","(1475.87, 1475.87)","(1518.62, 1518.62)","(1481.7400000000002, 1481.7400000000002)","(1478.49, 1478.49)"
R102_200_100.csv,time,"(15.184890270233154, 15.664942264556885)","(11.815573453903198, 12.262238502502441)","(14.24242115020752, 14.711460828781128)","(18.744634866714478, 19.284294605255127)","(15.577515602111816, 16.068660736083984)","(13.112378597259521, 13.582778453826904)","(14.302469253540039, 14.801546812057495)","(15.632994890213013, 16.152135133743286)","(14.812756538391113, 15.323011636734009)","(13.896499872207642, 14.385327100753784)","(15.722387552261353, 16.201239109039307)","(13.671989679336548, 14.169608354568481)","(12.837539911270142, 13.357752799987793)","(13.120201110839844, 13.580129623413086)","(12.699268102645874, 13.239677667617798)","(13.613865613937378, 14.162499189376831)","(14.853484630584717, 15.402824401855469)","(13.481908798217773, 15.459717512130737)","(14.02361249923706, 14.521178722381592)","(14.57814359664917, 15.06575608253479)"
R103_200_100.csv,obj,"(1249.02, 1249.02)","(1237.93, 1237.93)","(1284.94, 1274.219999999999)","(1235.29, 1235.29)","(1240.8, 1240.8)","(1236.45, 1236.45)","(1248.46, 1248.46)","(1243.26, 1243.26)","(1254.17, 1254.17)","(1251.9899999999998, 1251.9899999999998)","(1254.9500000000003, 1254.9500000000003)","(1262.67, 1262.67)","(1281.08, 1275.3599999999997)","(1272.4099999999999, 1258.24)","(1241.24, 1241.24)","(1244.37, 1244.37)","(1247.8, 1247.8)","(1241.9699999999998, 1241.9699999999998)","(1294.1100000000001, 1252.5699999999986)","(1233.9199999999998, 1233.9199999999998)"
R103_200_100.csv,time,"(21.49184226989746, 23.086451053619385)","(24.319183826446533, 25.932860851287842)","(22.289342880249023, 26.366759300231934)","(23.400025129318237, 24.496095180511475)","(24.755769968032837, 26.965693473815918)","(19.62087869644165, 20.40595269203186)","(20.61454701423645, 22.015666961669922)","(16.99916362762451, 18.3823344707489)","(16.188428163528442, 17.166354179382324)","(20.748711585998535, 22.876495599746704)","(16.937265396118164, 17.8062846660614)","(20.055541038513184, 22.552996397018433)","(19.212478160858154, 23.864561796188354)","(20.486807584762573, 22.941539525985718)","(25.342344284057617, 27.19562792778015)","(21.27354645729065, 23.119884967803955)","(21.270097255706787, 22.500458240509033)","(16.572713136672974, 17.62231683731079)","(20.5417058467865, 21.78677201271057)","(22.311072826385498, 23.70288848876953)"
R104_200_100.csv,obj,"(1150.52, 1099.21)","(1086.3600000000001, 1085.2700000000145)","(1177.89, 1175.1100000000001)","(1096.5900000000001, 1084.9)","(1091.3999999999999, 1079.08)","(1184.22, 1137.27)","(1104.19, 1102.15)","(1157.88, 1112.04)","(1045.94, 1045.94)","(1072.2199970342663, 1043.84)","(1211.8799999999999, 1147.0700000000002)","(1089.61, 1076.5500000000002)","(1065.0300000000002, 1060.9)","(1140.61, 1140.61)","(1072.5500000000002, 1056.87)","(1186.37, 1140.79)","(1141.91, 1107.080000000001)","(1099.39, 1053.73)","(1100.36, 1100.36)","(1071.27, 1060.7299999999998)"
R104_200_100.csv,time,"(37.30548644065857, 52.57982802391052)","(25.686622381210327, 72.44922375679016)","(27.53087306022644, 57.2142231464386)","(33.97780680656433, 51.93414783477783)","(45.435747385025024, 57.478251695632935)","(67.11133885383606, 89.23484110832214)","(29.45397138595581, 60.21988892555237)","(43.98031210899353, 82.50249910354614)","(39.72832703590393, 45.51542639732361)","(32.63101601600647, 40.50524687767029)","(75.551349401474, 146.78995513916016)","(26.28099250793457, 34.64142918586731)","(41.4964075088501, 87.71339249610901)","(25.42976403236389, 33.49970769882202)","(36.343799114227295, 51.59904098510742)","(28.868294954299927, 67.67126750946045)","(38.625755071640015, 61.01444458961487)","(34.33909869194031, 41.081740379333496)","(36.92222547531128, 107.83810377120972)","(32.768500089645386, 48.35715079307556)"
R105_200_100.csv,obj,"(1406.7600000000002, 1404.39)","(1404.01, 1403.3500000000017)","(1392.6100000000001, 1384.33)","(1371.7200000000003, 1371.7200000000003)","(1383.88, 1383.88)","(1383.8300000000002, 1383.8300000000002)","(1423.05, 1419.6699999999998)","(1371.8200000000002, 1371.8200000000002)","(1383.73, 1383.73)","(1363.17, 1363.17)","(1366.1000000000001, 1366.1000000000001)","(1423.6800000000003, 1412.37)","(1368.28, 1368.28)","(1379.6, 1379.6)","(1400.54, 1396.010000000008)","(1387.41, 1387.41)","(1382.2999999999997, 1379.9)","(1405.8600000000001, 1402.6599999999999)","(1369.33, 1369.33)","(1407.5900000000001, 1401.62)"
R105_200_100.csv,time,"(12.62240195274353, 15.631105184555054)","(15.286068439483643, 18.91234850883484)","(16.268604040145874, 18.209133863449097)","(14.174763917922974, 14.980043888092041)","(14.305166482925415, 16.584156274795532)","(13.406115293502808, 15.131843328475952)","(10.874104261398315, 13.62185549736023)","(14.865900039672852, 15.76103138923645)","(14.206586599349976, 16.14741039276123)","(12.204215049743652, 12.866743087768555)","(12.03219723701477, 12.724615335464478)","(14.760204792022705, 22.286081314086914)","(14.04228949546814, 14.713171482086182)","(11.755336999893188, 13.063926219940186)","(13.591723918914795, 15.59123945236206)","(14.022952556610107, 15.73796033859253)","(11.978257179260254, 13.768137693405151)","(13.407771110534668, 16.024183988571167)","(12.3817720413208, 13.316544771194458)","(9.56826376914978, 11.633686542510986)"
R106_200_100.csv,obj,"(1297.62, 1286.7999999999997)","(1292.9, 1285.8899999999999)","(1290.6599999999999, 1277.29)","(1260.71, 1260.71)","(1288.3600000000001, 1281.3299999999997)","(1274.0500000000002, 1274.0500000000002)","(1323.27, 1312.29)","(1261.6799999999998, 1261.6799999999998)","(1249.21, 1249.21)","(1324.2599999999998, 1305.1100000000042)","(1276.83, 1270.54)","(1286.22, 1280.92)","(1284.8400000000001, 1284.1699999999998)","(1309.3400000000001, 1308.79)","(1278.62, 1274.3200000000002)","(1302.9399999999998, 1283.55)","(1289.23, 1289.23)","(1303.05, 1296.0200000000002)","(1349.4, 1335.62)","(1314.04, 1296.2200000000003)"
R106_200_100.csv,time,"(19.302287817001343, 27.010244607925415)","(21.702779531478882, 27.050331830978394)","(21.478530883789062, 27.021483659744263)","(20.601316452026367, 22.117309093475342)","(21.61790680885315, 26.292525053024292)","(22.680535078048706, 29.04850435256958)","(25.59720730781555, 74.10996770858765)","(22.260497331619263, 24.61526083946228)","(24.39323377609253, 26.059291124343872)","(18.98112988471985, 42.169597864151)","(22.782744884490967, 26.65382719039917)","(20.53416085243225, 26.14715027809143)","(19.310584783554077, 24.332914113998413)","(22.676126956939697, 55.83445477485657)","(20.367143630981445, 25.802277326583862)","(23.539241075515747, 27.248652458190918)","(17.08026146888733, 21.452892541885376)","(23.979387044906616, 47.80562615394592)","(19.55840754508972, 90.4157485961914)","(20.494395971298218, 29.90936017036438)"
R107_200_100.csv,obj,"(1200.98, 1169.270000000009)","(1106.56, 1104.7799999999997)","(1160.72, 1139.0500000000002)","(1097.02, 1097.02)","(1202.27, 1162.81)","(1141.9799999999998, 1137.43)","(1118.61, 1118.61)","(1141.95, 1122.22)","(1098.5499999999997, 1094.69)","(1118.3600000000001, 1118.3600000000001)","(1105.95, 1104.97)","(1117.7700000000002, 1117.7700000000002)","(1158.35, 1130.7899999999986)","(1124.5, 1124.5)","(1174.57, 1124.575)","(1140.4900000000002, 1140.4900000000002)","(1146.84, 1124.5600000000024)","(1156.85, 1156.85)","(1121.3, 1121.3)","(1120.04, 1120.04)"
R107_200_100.csv,time,"(47.96950054168701, 151.88089299201965)","(27.365878582000732, 33.544644832611084)","(31.91651964187622, 105.5862500667572)","(26.813632011413574, 29.77770185470581)","(31.05914306640625, 104.32749915122986)","(22.769166231155396, 33.599021434783936)","(27.43888282775879, 34.150205850601196)","(27.987864017486572, 41.08004426956177)","(24.817318201065063, 27.166454076766968)","(26.682143926620483, 33.196800231933594)","(35.25566339492798, 41.630401849746704)","(25.08895778656006, 31.3996741771698)","(26.357760190963745, 34.05776810646057)","(28.250660181045532, 42.473493337631226)","(30.542866468429565, 38.54400825500488)","(19.92540669441223, 29.220889806747437)","(31.942038536071777, 42.83948016166687)","(33.701332807540894, 52.170629024505615)","(27.36691975593567, 35.57975101470947)","(29.22179102897644, 38.74005746841431)"
R108_200_100.csv,obj,"(1029.9, 1018.3800000000001)","(1115.9399999999998, 1109.1600000000003)","(1005.47, 1005.47)","(1146.1499999999999, 1077.9099999999996)","(1086.02, 1064.86)","(1141.87, 1101.28)","(1093.82, 1090.8899999999999)","(1210.98, 1102.1966666666665)","(1083.02, 1055.2199999999993)","(1073.39, 1073.39)","(1158.79, 1119.979979080578)","(1116.42, 1078.8)","(1144.88, 1074.4)","(1169.2199999999998, 1121.75)","(1059.05, 1030.7100000000012)","(1079.33, 1007.959999999995)","(1126.16, 1084.0900000000001)","(1072.56, 1064.21)","(1066.7, 1054.2400000000002)","(1171.77, 1103.69)"
R108_200_100.csv,time,"(42.8513081073761, 57.27136301994324)","(43.51457357406616, 202.56732392311096)","(37.07647156715393, 50.692071199417114)","(52.351069927215576, 136.75220680236816)","(53.65370774269104, 196.8755521774292)","(41.23513150215149, 105.40503096580505)","(58.28266429901123, 182.2343988418579)","(60.47837233543396, 82.04953956604004)","(46.91020488739014, 129.97718954086304)","(52.510194540023804, 216.78934001922607)","(42.65099596977234, 89.47683715820312)","(37.11470937728882, 96.38430690765381)","(53.857494831085205, 102.79649591445923)","(82.25670909881592, 249.15039324760437)","(37.90032339096069, 56.15731692314148)","(39.69930362701416, 44.32679319381714)","(56.2991898059845, 209.35056066513062)","(36.03827714920044, 58.299760818481445)","(37.06588697433472, 57.777480125427246)","(47.530375242233276, 72.2715060710907)"
R109_200_100.csv,obj,"(1191.13, 1191.13)","(1283.8600000000001, 1260.9699999999998)","(1235.16, 1215.210000000005)","(1249.0300000000002, 1238.0000000000002)","(1206.3000000000002, 1198.32)","(1189.4699999999998, 1189.4699999999998)","(1167.8, 1167.8)","(1181.3300000000002, 1181.3300000000002)","(1160.8700000000001, 1160.8700000000001)","(1260.96, 1237.22)","(1188.5299999999997, 1188.31)","(1229.6299999999999, 1211.8599999999904)","(1169.63, 1169.63)","(1178.43, 1177.8000000000002)","(1204.8700000000001, 1204.8700000000001)","(1179.9199999999998, 1179.9199999999998)","(1159.87, 1159.87)","(1261.9800000000002, 1252.5300000000002)","(1166.43, 1166.43)","(1221.1999999999998, 1192.22)"
R109_200_100.csv,time,"(21.655097484588623, 29.04256844520569)","(19.318695783615112, 31.81226110458374)","(18.694791316986084, 25.641942262649536)","(17.97358775138855, 25.441386222839355)","(22.78706955909729, 29.587627172470093)","(21.810301303863525, 23.79235601425171)","(20.843379259109497, 23.592986345291138)","(21.253819942474365, 25.59791612625122)","(21.627859592437744, 22.868764400482178)","(17.447875261306763, 41.99068546295166)","(20.796950101852417, 25.41191554069519)","(17.51761507987976, 24.374801635742188)","(22.593662977218628, 25.091318607330322)","(22.883376836776733, 26.605674028396606)","(17.905266761779785, 21.450632333755493)","(22.48216152191162, 26.44854474067688)","(19.44696307182312, 20.86069393157959)","(20.62119221687317, 50.473758935928345)","(16.98109793663025, 18.210768938064575)","(16.321953773498535, 20.127666234970093)"
R110_200_100.csv,obj,"(1192.25, 1167.4299999999998)","(1165.28, 1165.28)","(1239.1999999999998, 1209.2800000000568)","(1204.84, 1163.8100000000002)","(1153.5, 1153.5)","(1212.3, 1174.48)","(1218.06, 1216.980000000001)","(1150.89, 1150.89)","(1202.67, 1195.8000000002685)","(1198.55, 1183.77)","(1275.47, 1202.1500000000003)","(1206.06, 1187.9000000000005)","(1172.7599999999998, 1165.6500000000003)","(1130.1399999999999, 1128.07)","(1217.5, 1194.2800000000013)","(1291.28, 1200.100000000015)","(1205.03, 1189.77)","(1190.25, 1172.8400000000001)","(1234.7400000000002, 1223.6100000000001)","(1181.06, 1172.9100000000003)"
R110_200_100.csv,time,"(22.049771308898926, 33.6954231262207)","(32.26777100563049, 80.21991848945618)","(29.01901078224182, 114.30639553070068)","(30.279775857925415, 40.66986012458801)","(25.148655652999878, 33.94707942008972)","(29.761674165725708, 68.243577003479)","(21.77657198905945, 65.10974764823914)","(31.28685975074768, 40.023130655288696)","(23.804937601089478, 61.959283113479614)","(25.309350967407227, 109.11544704437256)","(41.846131324768066, 55.50311255455017)","(31.85626721382141, 107.06393933296204)","(28.22671341896057, 64.18030738830566)","(23.05053210258484, 29.489891052246094)","(33.78157377243042, 77.31514143943787)","(24.28556537628174, 31.43657374382019)","(31.303848266601562, 109.73073959350586)","(25.79714012145996, 58.72666788101196)","(20.415129899978638, 32.45992946624756)","(27.232330322265625, 78.23145580291748)"
R111_200_100.csv,obj,"(1204.2199999999998, 1204.2199999999998)","(1095.61, 1095.61)","(1114.2199999999998, 1111.1399999999999)","(1158.63, 1158.63)","(1178.28, 1148.600000000001)","(1145.7, 1145.7)","(1100.6599999999999, 1088.59)","(1132.1899999999998, 1120.71)","(1185.34, 1136.52)","(1170.19, 1160.05)","(1209.8199999999997, 1164.52)","(1137.54, 1112.9299999999998)","(1135.81, 1133.04)","(1128.4599999999998, 1128.4599999999998)","(1125.71, 1115.34)","(1148.35, 1137.720000000002)","(1319.9899999999998, 1215.4650000000006)","(1093.39, 1087.38)","(1156.35, 1119.32)","(1118.39, 1109.4)"
R111_200_100.csv,time,"(22.60358953475952, 51.518086671829224)","(25.40489935874939, 29.73596715927124)","(23.166716814041138, 31.675256729125977)","(23.146133184432983, 52.96016812324524)","(24.887207746505737, 36.87900257110596)","(25.877438068389893, 36.641902685165405)","(25.21011757850647, 32.8111526966095)","(21.3029568195343, 27.62197494506836)","(31.593363285064697, 47.79016065597534)","(25.498744249343872, 76.43776988983154)","(43.27391695976257, 170.5293231010437)","(21.057828426361084, 23.40424346923828)","(26.840165615081787, 48.638200998306274)","(24.886436700820923, 31.68492579460144)","(28.714184999465942, 34.34956216812134)","(31.955659866333008, 56.69790434837341)","(29.404479026794434, 88.01975774765015)","(28.041553258895874, 31.470776557922363)","(27.416827917099, 34.89279127120972)","(28.055494785308838, 45.08629631996155)"
R112_200_100.csv,obj,"(1115.3500000000001, 1115.3500000000001)","(1056.2700000000002, 1056.2700000000002)","(1053.63, 1027.6499999999996)","(1067.19, 1067.19)","(1059.08, 1059.08)","(1108.2599999999998, 1105.3)","(1240.03, 1185.8199979582532)","(1187.61, 1143.5)","(1155.41, 1155.41)","(1175.82, 1135.3400000000001)","(1078.51, 1067.27)","(1189.95, 1159.2800000000002)","(1143.96, 1143.96)","(1112.78, 1108.07)","(1118.6499999999999, 1093.3300000000008)","(1111.13, 1088.6999999999998)","(1137.8500000000001, 1137.8500000000001)","(1079.99, 1079.99)","(1088.53, 1088.53)","(1154.3, 1102.9900000000005)"
R112_200_100.csv,time,"(41.253273487091064, 54.994099855422974)","(29.485963344573975, 34.19806933403015)","(37.41737604141235, 41.05591297149658)","(31.226009607315063, 40.492915391922)","(56.49523305892944, 76.34335112571716)","(42.87093162536621, 49.21454954147339)","(123.9542806148529, 209.10528683662415)","(50.616002559661865, 72.94158411026001)","(51.37008309364319, 102.22029137611389)","(47.74574089050293, 59.28572940826416)","(31.955646276474, 43.670159101486206)","(34.731407165527344, 49.157808780670166)","(42.757452964782715, 64.51285243034363)","(31.493967056274414, 45.55988359451294)","(31.48397970199585, 35.44252109527588)","(27.278388738632202, 33.57874941825867)","(47.151583671569824, 91.83372330665588)","(32.64276957511902, 37.53478121757507)","(28.65332818031311, 33.64761805534363)","(85.01212191581726, 97.89565134048462)"
R201_1000_100.csv,obj,"(1184.56, 1184.56)","(1203.93, 1191.6100000000004)","(1231.81, 1231.81)","(1160.8899999999999, 1160.8899999999999)","(1266.6699999999998, 1241.62)","(1157.04, 1157.04)","(1257.84, 1257.1550000000047)","(1179.3899999999999, 1178.1399999999999)","(1160.78, 1160.78)","(1228.51, 1226.3999999999999)","(1227.73, 1218.150000000003)","(1208.86, 1204.43)","(1153.7599999999998, 1153.7599999999998)","(1191.82, 1191.82)","(1313.46, 1269.719999999999)","(1208.6399999999999, 1194.6699999999998)","(1208.06, 1208.06)","(1194.36, 1179.7600000000002)","(1186.7, 1186.7)","(1167.5, 1167.5)"
R201_1000_100.csv,time,"(51.69781756401062, 68.13866853713989)","(52.97027540206909, 71.52275848388672)","(46.42662835121155, 81.3713550567627)","(57.855857849121094, 62.88295364379883)","(51.981104373931885, 206.00943732261658)","(48.383625745773315, 52.33545780181885)","(57.61526370048523, 180.86779022216797)","(52.92118573188782, 67.92194104194641)","(56.90790367126465, 60.76710772514343)","(56.10082745552063, 108.21423840522766)","(54.775466203689575, 167.0344533920288)","(46.55417442321777, 62.02596926689148)","(57.37426519393921, 61.72593140602112)","(51.42554426193237, 58.08581256866455)","(63.79687571525574, 474.4207625389099)","(48.73988127708435, 62.46687650680542)","(62.2627899646759, 115.86581134796143)","(47.81820821762085, 64.78645920753479)","(46.01419425010681, 51.94348502159119)","(45.25768423080444, 48.75545811653137)"
R202_1000_100.csv,obj,"(1232.79, 1157.1899999999998)","(1206.4099999999999, 1162.98)","(1138.7499999999998, 1124.5)","(1166.09, 1152.76)","(1143.53, 1142.06)","(1108.5299999999997, 1078.37)","(1081.96, 1081.96)","(1154.34, 1123.9600000000003)","(1181.6399999999999, 1174.3899999999999)","(1059.63, 1059.63)","(1217.83, 1139.7199999999998)","(1096.0, 1094.86)","(1093.52, 1093.52)","(1077.4499999999998, 1073.27)","(1098.8999999999999, 1090.23)","(1101.04, 1088.77)","(1176.7999999999997, 1143.99)","(1274.8999999999999, 1177.5649999999998)","(1228.9799999999998, 1178.4800000000123)","(1150.39, 1137.0799999999997)"
R202_1000_100.csv,time,"(93.14322519302368, 849.9785616397858)","(87.01667499542236, 973.1866154670715)","(100.23715233802795, 1384.1764528751373)","(80.01869487762451, 1436.9650490283966)","(75.75349974632263, 516.7729291915894)","(82.61776065826416, 120.72138977050781)","(87.58994317054749, 255.9259831905365)","(85.79616093635559, 301.7918469905853)","(84.95477819442749, 942.048574924469)","(84.1266577243805, 90.59781265258789)","(128.8163197040558, 1301.685744524002)","(96.25138854980469, 497.8504202365875)","(93.68958115577698, 678.5478239059448)","(94.76700925827026, 175.49284076690674)","(74.58295106887817, 159.6369330883026)","(82.0626437664032, 223.35689282417297)","(89.7226037979126, 747.6932883262634)","(107.85772728919983, 1540.8503470420837)","(84.20304083824158, 566.9106903076172)","(92.79130458831787, 1078.1090383529663)"
R203_1000_100.csv,obj,"(1084.1999999999998, 1073.62)","(1122.8799999999999, 1063.44)","(1068.0, 1033.2)","(961.61, 961.61)","(1015.1800000000001, 1010.25)","(1108.2399999999998, 1017.25)","(967.8799999999999, 967.8799999999999)","(1105.4099999999999, 1063.95)","(1028.76, 1028.76)","(962.5700000000002, 958.4900000000001)","(1132.4900000000002, 1023.03)","(1414.1599999999999, 1300.02)","(1188.59, 1107.4300000000367)","(1107.6899999999998, 1070.805)","(1061.53, 1010.4899999999999)","(1134.89, 1089.73)","(1051.0300000000002, 1051.0300000000002)","(1201.7000000000003, 1102.48)","(990.98, 982.1300000000001)","(1177.94, 1133.27)"
R203_1000_100.csv,time,"(133.44185280799866, 1574.91175365448)","(190.34256148338318, 904.9357943534851)","(203.82606887817383, 1050.368134021759)","(170.50328826904297, 883.9975504875183)","(160.0232870578766, 861.5427548885345)","(131.4794466495514, 183.18355679512024)","(113.10683083534241, 529.7692880630493)","(113.66096329689026, 530.8946301937103)","(114.67861318588257, 1136.2999665737152)","(153.4634928703308, 457.62313580513)","(116.8602967262268, 592.5213329792023)","(94.60907292366028, 555.1093325614929)","(158.09114027023315, 387.4827220439911)","(141.1502959728241, 560.480033159256)","(121.75898241996765, 408.57734537124634)","(136.6512849330902, 1334.0828649997711)","(121.70680260658264, 466.7430341243744)","(155.05261397361755, 1199.8374600410461)","(134.28289771080017, 697.9788782596588)","(149.19268703460693, 517.8466336727142)"
R204_1000_100.csv,obj,"(1007.71, 1007.71)","(903.3700000000001, 870.48)","(1114.3300000000002, 994.4599999999999)","(1035.0000000000002, 943.8699999999999)","(1002.6700000000001, 1002.6700000000001)","(902.93, 902.93)","(1029.95, 1005.5299999999999)","(1139.12, 1094.6999999999985)","(1073.29, 957.44)","(980.0699999999999, 980.0699999999999)","(1203.4599999999998, 1115.3500000000033)","(1006.1199999999999, 1006.1199999999999)","(1045.8300000000002, 1045.8300000000002)","(915.83, 908.5500000000001)","(1067.77, 997.4300000000001)","(971.1600000000001, 971.1600000000001)","(1024.77, 999.23)","(1076.04, 1076.04)","(1356.52, 1294.1899999999996)","(921.3699999999999, 921.3699999999999)"
R204_1000_100.csv,time,"(243.76572465896606, 509.37652921676636)","(234.61023998260498, 431.02925753593445)","(278.3647315502167, 339.66300535202026)","(283.02336287498474, 341.93648076057434)","(270.9031095504761, 438.1150999069214)","(223.97451829910278, 281.86190009117126)","(182.84474205970764, 240.01890969276428)","(237.13960671424866, 311.65573024749756)","(290.0052299499512, 339.42114090919495)","(263.1265244483948, 313.4194288253784)","(163.07847118377686, 212.07080173492432)","(204.4891107082367, 252.92686653137207)","(149.44755625724792, 187.04839944839478)","(198.1337387561798, 300.9365973472595)","(168.2585198879242, 256.2307415008545)","(159.5460376739502, 212.07984495162964)","(237.83060669898987, 389.6105623245239)","(215.4603295326233, 301.71619296073914)","(178.54914903640747, 380.94736313819885)","(164.92048978805542, 205.2976405620575)"
R205_1000_100.csv,obj,"(1067.65, 1050.6100000000029)","(1156.78, 1117.5500000000002)","(1081.29, 1081.29)","(1084.43, 1072.3633333333332)","(1157.44, 1095.07)","(1040.49, 1040.49)","(1145.41, 1114.49)","(2426.46, 2426.46)","(1179.44, 1110.68)","(1148.33, 1088.93)","(1113.48, 1066.6999999999998)","(1178.79, 1088.7)","(1089.05, 1080.62)","(1172.5500000000002, 1122.24)","(1065.58, 1065.58)","(1123.1599999999999, 1054.8533333333332)","(1071.48, 1047.6200000000001)","(1146.3199999999997, 1118.1899999999998)","(1058.3899999999999, 1045.1800000000003)","(1153.55, 1072.64)"
R205_1000_100.csv,time,"(110.93228459358215, 976.2356243133545)","(86.33765935897827, 1454.1869060993195)","(86.8500280380249, 1474.0123941898346)","(81.1904411315918, 1595.9250762462616)","(103.98417329788208, 1118.226595401764)","(100.36271905899048, 1292.345689535141)","(96.60061883926392, 977.5855338573456)","(1.437469720840454, 61.662150859832764)","(103.13914752006531, 2474.5595095157623)","(98.68090105056763, 378.735901594162)","(105.69530773162842, 1421.772765159607)","(93.40224599838257, 1016.2102706432343)","(84.06620240211487, 746.6031808853149)","(112.81452298164368, 1941.1458406448364)","(104.26985001564026, 1068.024572610855)","(124.99687004089355, 1004.3059642314911)","(91.28188800811768, 539.9068574905396)","(121.07266879081726, 1600.230842590332)","(87.63379120826721, 719.0669794082642)","(115.12242484092712, 1587.5102684497833)"
R206_1000_100.csv,obj,"(1157.22, 1096.140000000029)","(1071.08, 1071.08)","(1206.28, 1111.025)","(1104.18, 1081.6200000000144)","(1097.6, 1090.06)","(1183.38, 1124.83)","(1086.79, 1086.79)","(1219.4899999999998, 1203.44)","(1000.1799999999998, 1000.1799999999998)","(1091.8200000000002, 1070.24)","(1066.33, 1037.4899999999998)","(1117.94, 1059.3700000000003)","(1288.2299999999998, 1126.8600000000001)","(1222.0, 1128.68)","(1065.01, 1010.8299999999999)","(1098.1799999999998, 1098.1799999999998)","(1104.63, 1104.63)","(1204.4799999999998, 1116.9299999999998)","(1151.6399999999999, 1083.2199999999998)","(1050.87, 1026.23)"
R206_1000_100.csv,time,"(123.54126214981079, 1197.2187757492065)","(155.25064206123352, 837.25017619133)","(144.17998504638672, 463.2505533695221)","(193.90016674995422, 1468.07035779953)","(139.71545481681824, 1015.5187301635742)","(119.15094518661499, 816.1202833652496)","(115.76631259918213, 462.3177466392517)","(171.11081171035767, 2955.8460121154785)","(136.44116973876953, 371.6245834827423)","(145.6652615070343, 1100.2044620513916)","(156.7982451915741, 423.8233845233917)","(188.30167412757874, 1157.7302975654602)","(164.9609546661377, 539.3164856433868)","(174.5248510837555, 1975.6607375144958)","(138.68997502326965, 362.09920167922974)","(150.81820607185364, 958.0808188915253)","(167.93246293067932, 671.6836493015289)","(159.32218503952026, 789.6260545253754)","(114.97802782058716, 1253.5228242874146)","(174.06365609169006, 1488.4144484996796)"
R207_1000_100.csv,obj,"(970.719994433065, 970.7199999999999)","(1050.5500000000002, 1022.1600000000001)","(1061.4299999999998, 1061.4299999999998)","(1062.35, 1062.35)","(1289.58, 1111.3400000000001)","(1214.0100000000002, 1164.28)","(1419.1599999999996, 1258.6300000000033)","(1181.5300000000002, 1137.67)","(1000.3900000000001, 984.52)","(1122.25, 1122.25)","(1147.59, 1147.59)","(1118.52, 1118.52)","(1101.1199999998762, 1101.1200000000001)","(1234.5200000000002, 1227.29)","(958.92, 958.92)","(1208.76, 1137.5500000000022)","(1020.9600000000002, 989.7799999999977)","(1136.56, 1039.07)","(1230.14, 1216.4800000000002)","(1109.9099999999999, 1067.6000000000001)"
R207_1000_100.csv,time,"(217.30879831314087, 536.8006219863892)","(164.77457404136658, 227.49098300933838)","(239.18758916854858, 386.94653725624084)","(178.04627180099487, 246.59716272354126)","(205.09808802604675, 545.1362645626068)","(202.89194560050964, 562.6587121486664)","(205.45544838905334, 310.08286905288696)","(179.33190298080444, 425.3318295478821)","(202.17010593414307, 583.2844924926758)","(159.58318257331848, 222.30850863456726)","(195.78239727020264, 596.8885867595673)","(219.25668859481812, 377.21160888671875)","(229.03375601768494, 304.5996925830841)","(183.28012442588806, 556.7367026805878)","(163.71022248268127, 228.75691151618958)","(168.31924152374268, 346.5007939338684)","(188.65277576446533, 278.4960627555847)","(188.49604654312134, 280.3482415676117)","(196.4109971523285, 535.0641520023346)","(200.4256453514099, 264.70707726478577)"
R208_1000_100.csv,obj,"(1005.3800000000001, 1005.3800000000001)","(1317.2500000000002, 1317.2500000000002)","(1167.22, 1148.38)","(968.83, 968.83)","(1145.8000000000002, 1145.8000000000002)","(1095.44, 1087.7300000000002)","(949.6200000000002, 949.6200000000002)","(1344.5300000000002, 1344.5300000000002)","(810.8000000000001, 810.8000000000001)","(1109.17, 1109.17)","(957.3400000000001, 957.3400000000001)","(824.78, 824.78)","(1125.63, 1125.63)","(1014.8200000000002, 1014.8200000000002)","(916.0100000000001, 916.0100000000001)","(1056.5200000000002, 1056.5200000000002)","(988.83, 966.87)","(844.9300000000001, 838.3900000000324)","(1187.4700000000003, 1183.31)","(1392.5399999999997, 1392.5399999999997)"
R208_1000_100.csv,time,"(185.80397200584412, 227.30268907546997)","(195.801087141037, 264.7504858970642)","(246.6600363254547, 335.06628918647766)","(187.83732891082764, 234.54477047920227)","(225.9549276828766, 285.6619508266449)","(197.39178824424744, 251.56194305419922)","(229.61984133720398, 273.00959873199463)","(186.26468563079834, 248.10429000854492)","(171.52912855148315, 204.0934808254242)","(279.5966765880585, 333.9979877471924)","(218.4247329235077, 261.68122911453247)","(194.46956276893616, 228.80332827568054)","(206.1811602115631, 259.1094288825989)","(204.31406593322754, 253.26730751991272)","(169.11670994758606, 205.85894441604614)","(191.88687753677368, 227.7705042362213)","(233.03212976455688, 289.952356338501)","(198.1872329711914, 246.71508812904358)","(218.05380630493164, 278.3950490951538)","(176.59888076782227, 254.35208439826965)"
R209_1000_100.csv,obj,"(999.07, 999.07)","(1180.28, 1105.31)","(1207.27, 1083.54)","(1001.52, 986.72)","(1102.8000000000002, 1070.2800000000002)","(1224.1, 1092.08)","(1017.49, 1008.8199999999999)","(996.98, 996.98)","(904.4999999999999, 904.4999999999999)","(1136.08, 1082.25)","(1049.9099999999999, 1049.9099999999999)","(1064.1200000000001, 1022.5)","(1178.55, 1063.27)","(1118.24, 1078.67)","(1081.43, 1060.21)","(1143.0600000000002, 1104.6100000000315)","(1166.26, 1156.7900000000009)","(1294.97, 1177.4500000000023)","(1063.6299999999999, 1038.9100000002948)","(1021.5300000000002, 987.76)"
R209_1000_100.csv,time,"(96.1538143157959, 1082.2652685642242)","(134.2612705230713, 1044.2788271903992)","(104.47162675857544, 1440.1023333072662)","(119.9750542640686, 851.3664588928223)","(106.2424726486206, 1774.0179986953735)","(128.67766189575195, 1241.6614410877228)","(123.03522729873657, 2375.396419286728)","(107.92171216011047, 2148.4741582870483)","(97.53022003173828, 140.72626662254333)","(150.63981246948242, 784.0510323047638)","(109.24705791473389, 3342.9590966701508)","(148.5295386314392, 2668.7987751960754)","(161.02460646629333, 350.560875415802)","(143.12337350845337, 1090.778633594513)","(193.62830996513367, 2239.385332107544)","(228.50272846221924, 8964.158868312836)","(195.0876007080078, 1719.607051372528)","(266.41053462028503, 1487.6543545722961)","(214.34090399742126, 1370.0819582939148)","(218.3396933078766, 9932.205121040344)"
RC101_200_100.csv,obj,"(1732.77, 1688.8)","(1719.95, 1682.6699999999998)","(1769.8999999999999, 1725.04)","(1735.5099999999998, 1708.3999999999999)","(1697.19, 1697.19)","(1743.8200000000002, 1714.8999999999999)","(1735.71, 1695.29)","(1719.2099999999996, 1703.8200000000002)","(1704.0600000000002, 1690.44)","(1704.44, 1698.4)","(1736.3200000000002, 1725.5400000000006)","(1736.81, 1701.26)","(1677.59, 1676.7099999999998)","(1738.3, 1717.46)","(1706.03, 1706.03)","(1685.7400000000002, 1680.4900000000002)","(1747.4600000000003, 1714.6800000000003)","(1734.3599999999997, 1698.54)","(1674.5900000000001, 1674.5900000000001)","(1697.5500000000002, 1679.43)"
RC101_200_100.csv,time,"(12.316800832748413, 14.079570055007935)","(11.09567141532898, 12.619699954986572)","(11.173874139785767, 13.354089975357056)","(8.34659218788147, 9.440288543701172)","(11.237929582595825, 12.387259721755981)","(12.86740517616272, 14.312572956085205)","(9.718859910964966, 11.53874397277832)","(11.472694396972656, 13.313587665557861)","(10.313894510269165, 11.405551195144653)","(11.176687002182007, 12.660155534744263)","(11.497106075286865, 13.139987707138062)","(13.554097652435303, 15.490237712860107)","(12.94213056564331, 13.742385625839233)","(9.886484146118164, 11.420593976974487)","(11.29323673248291, 13.30492091178894)","(9.24942421913147, 10.50033950805664)","(9.239388465881348, 10.296465635299683)","(10.280970573425293, 11.797833442687988)","(10.212152242660522, 11.081708669662476)","(11.274753093719482, 12.363065719604492)"
RC102_200_100.csv,obj,"(1603.1799999999998, 1539.4399999999998)","(1558.2100000000003, 1552.8700000000001)","(1592.0400000000002, 1548.6399999999999)","(1617.75, 1539.78)","(1547.6200000000001, 1539.83)","(1625.1900000000003, 1577.840000000001)","(1582.1100000000001, 1555.4800000000016)","(1553.45, 1547.2400000000002)","(1642.1100000000001, 1574.3900000000003)","(1644.5900000000001, 1554.2800000000002)","(1622.9699999999998, 1560.8799999999999)","(1605.67, 1555.15)","(1554.46, 1548.3800000001092)","(1611.91, 1533.2299999999998)","(1613.7, 1574.9400000000003)","(1584.01, 1553.0900000000004)","(1565.14, 1531.6799999999998)","(1574.8700000000001, 1546.34)","(1559.81, 1537.3100000000022)","(1582.5299999999997, 1561.8400000000001)"
RC102_200_100.csv,time,"(15.699980020523071, 17.4831326007843)","(16.756665468215942, 19.495742797851562)","(16.93389582633972, 19.025851488113403)","(15.284032106399536, 16.570554971694946)","(12.050931930541992, 13.814376592636108)","(12.584680795669556, 14.667476415634155)","(13.24495005607605, 15.279319286346436)","(12.198606491088867, 14.391302585601807)","(14.246082067489624, 16.110079288482666)","(14.87843132019043, 16.518468856811523)","(13.40823221206665, 15.187154531478882)","(13.886976480484009, 15.775211095809937)","(18.367379188537598, 21.021013736724854)","(17.466357231140137, 18.911350965499878)","(20.857177734375, 24.61194157600403)","(17.32720375061035, 20.64910078048706)","(16.3468656539917, 18.496222734451294)","(15.05994200706482, 17.1583993434906)","(13.2124605178833, 15.232837677001953)","(14.605851650238037, 16.857572078704834)"
R210_1000_100.csv,obj,"(1228.2, 1113.5099999999998)","(1211.32, 1175.7099999999998)","(1208.37, 1112.27)","(1319.02, 1128.865)","(1198.0500000000002, 1123.3200000000018)","(1219.21, 1127.78)","(1172.0, 1107.76)","(1251.52, 1125.19)","(1290.6299999999999, 1161.06)","(1237.47, 1131.56)","(1243.7, 1123.5700000000002)","(1179.25, 1070.5200000000002)","(1091.01, 1091.01)","(1190.23, 1136.55)","(1227.91, 1132.9799999999998)","(1301.98, 1135.5099999999998)","(1141.77, 1094.84)","(1151.22, 1061.6100000000001)","(1234.8, 1126.495)","(1134.3400000000001, 1107.425)"
R210_1000_100.csv,time,"(85.92723608016968, 477.9289836883545)","(101.55148911476135, 856.0526106357574)","(143.27400279045105, 597.1598386764526)","(128.95898032188416, 882.647974729538)","(124.97799730300903, 1989.3112676143646)","(112.82949161529541, 1494.952702999115)","(118.65666198730469, 797.3750751018524)","(98.65204381942749, 1217.286892414093)","(133.9427206516266, 1127.2782323360443)","(105.014408826828, 1054.2592074871063)","(131.2480821609497, 2277.1751432418823)","(95.24168157577515, 380.82498383522034)","(88.45320844650269, 1600.2186045646667)","(109.7038881778717, 3402.7969720363617)","(95.72892093658447, 622.0638859272003)","(133.7495472431183, 520.4395015239716)","(95.44381093978882, 382.507283449173)","(101.9981861114502, 1404.2614698410034)","(144.33072710037231, 497.4304220676422)","(103.39878344535828, 4061.871536254883)"
R211_1000_100.csv,obj,"(1058.8799999999999, 1029.4499999999998)","(938.1800000000003, 938.1800000000003)","(1311.5600000000002, 1239.3)","(1029.8200000000002, 942.9000000000001)","(1122.52, 1099.22)","(1067.5, 1023.5999999999999)","(1021.6, 1016.010000000001)","(1112.98, 1098.01)","(1183.92, 1150.8300000000002)","(1020.19, 996.4699999999996)","(831.0300000000001, 831.0300000000001)","(999.46, 999.46)","(1225.4500000000003, 1190.1000000000001)","(923.3100000000001, 923.3100000000001)","(1029.74, 1027.99)","(1134.3300000000002, 1129.5800000000095)","(1111.1799999999998, 1073.26)","(1138.57, 1138.57)","(1027.63, 1027.63)","(971.8000000000002, 971.8000000000002)"
R211_1000_100.csv,time,"(178.7233715057373, 210.5723111629486)","(138.9977424144745, 157.0646595954895)","(167.7524609565735, 232.80301094055176)","(133.34674906730652, 160.961359500885)","(165.49180364608765, 219.86315274238586)","(178.71764612197876, 235.4014585018158)","(172.2405710220337, 209.403795003891)","(144.5923683643341, 185.41346168518066)","(195.47811102867126, 241.73527932167053)","(135.05957078933716, 160.66562604904175)","(138.0361933708191, 151.90302205085754)","(164.63909363746643, 233.78645420074463)","(139.29415369033813, 190.7589554786682)","(140.08135056495667, 185.09854388237)","(154.4053075313568, 184.71966314315796)","(169.94654488563538, 226.3037850856781)","(201.20223879814148, 387.15767312049866)","(178.3945071697235, 252.62353372573853)","(130.97754001617432, 159.07241368293762)","(172.7759644985199, 209.60020112991333)"
RC103_200_100.csv,obj,"(1505.4199999999998, 1400.8200000000002)","(1603.7, 1508.38000000057)","(1461.49, 1352.4200000000003)","(1499.24, 1422.3700000000001)","(1502.4399999999998, 1454.7)","(1490.0099999999998, 1404.7300000000014)","(1348.8, 1348.1200000000028)","(1468.8400000000001, 1411.3400000000001)","(1429.76, 1392.94)","(1523.0800000000002, 1436.55)","(1894.7599999999998, 1780.7800000000002)","(1461.369999998135, 1443.4)","(1477.02, 1389.07)","(1443.3200000000002, 1399.8799999999999)","(1474.33, 1408.8900000000003)","(1409.19, 1353.52)","(1328.52, 1328.52)","(1513.74, 1433.33)","(1538.96, 1444.980000000003)","(1376.21, 1371.1800000000958)"
RC103_200_100.csv,time,"(27.234222173690796, 33.78417491912842)","(25.453695058822632, 61.378897190093994)","(24.979418992996216, 27.77277970314026)","(20.223377466201782, 24.696136951446533)","(22.265092611312866, 31.2096688747406)","(19.93700075149536, 23.71779990196228)","(19.099358797073364, 22.76131319999695)","(17.236573696136475, 20.808441162109375)","(23.37122893333435, 46.09966826438904)","(24.89057755470276, 36.11341619491577)","(3.465303897857666, 4.667995929718018)","(24.00538158416748, 55.142258167266846)","(21.32825016975403, 25.029229879379272)","(24.384002447128296, 31.338874578475952)","(20.386613368988037, 27.903581142425537)","(22.451043128967285, 24.768168210983276)","(31.612783908843994, 35.77575349807739)","(24.312162399291992, 32.273324728012085)","(29.12145972251892, 55.65436601638794)","(19.79037356376648, 23.22170662879944)"
RC104_200_100.csv,obj,"(1328.25, 1302.2699999999998)","(1948.42, 1803.6200000000104)","(1264.1400000000003, 1264.1400000000003)","(1265.0000000000002, 1249.04)","(1325.79, 1303.3000000000002)","(1252.4899999999998, 1252.4899999999998)","(1243.93, 1237.3500000000001)","(1231.68, 1231.68)","(1397.3400000000001, 1309.6100000000001)","(1403.17, 1338.0)","(1390.4699999999998, 1336.2199999999998)","(1299.7800000000002, 1268.69)","(1258.5100000000002, 1256.67)","(1303.0800000000002, 1284.87)","(1272.73, 1242.910000000003)","(1362.5900000000001, 1332.8600000000001)","(2068.45, 1773.1550000000004)","(1258.14, 1255.4)","(1288.9, 1259.25)","(1911.76, 1720.0000000000005)"
RC104_200_100.csv,time,"(25.129594326019287, 30.85721182823181)","(6.047729730606079, 7.337934970855713)","(30.520625829696655, 36.485107421875)","(37.44238090515137, 43.51432800292969)","(27.533611059188843, 33.323596239089966)","(29.87209415435791, 33.63144254684448)","(26.53424334526062, 30.390758991241455)","(26.869118690490723, 30.134023189544678)","(25.22909379005432, 29.933088541030884)","(26.21537756919861, 31.890854835510254)","(34.833786964416504, 75.61654758453369)","(29.617836236953735, 33.4655544757843)","(25.850253343582153, 30.489196300506592)","(29.237284660339355, 39.56755542755127)","(31.218236446380615, 35.3606812953949)","(24.338510513305664, 33.408960819244385)","(6.5031983852386475, 7.654001712799072)","(30.769559621810913, 35.924155712127686)","(26.11178159713745, 29.324304819107056)","(4.097970724105835, 4.748847723007202)"
RC105_200_100.csv,obj,"(1655.0700000000002, 1606.2500000000002)","(1666.74, 1609.6799999999998)","(1670.25, 1633.0900000000058)","(1631.67, 1602.14)","(1718.9900000000002, 1665.4899999999998)","(1670.0700000000002, 1642.13)","(1602.11, 1602.11)","(1641.28, 1604.5900000000006)","(1585.1100000000001, 1576.98)","(1679.8799999999997, 1642.42)","(1652.26, 1612.55)","(1606.8400000000001, 1606.8400000000001)","(1581.96, 1581.96)","(1613.3199999999997, 1606.59)","(1620.1699999999998, 1590.99)","(1590.38, 1590.2599999999998)","(1620.0700000000002, 1599.0500000000006)","(1655.19, 1618.27)","(1662.92, 1604.9600000000003)","(1659.48, 1613.3400000000001)"
RC105_200_100.csv,time,"(11.995353698730469, 13.8890061378479)","(12.942039966583252, 14.540470600128174)","(11.666454792022705, 14.710347175598145)","(13.649484395980835, 16.19238829612732)","(13.802844047546387, 18.070247888565063)","(11.85406494140625, 15.478249788284302)","(13.32413911819458, 15.125489234924316)","(12.426193714141846, 14.665294885635376)","(13.705500364303589, 15.569512605667114)","(13.097464084625244, 17.149754285812378)","(12.449869394302368, 13.858214139938354)","(13.134019613265991, 15.525315284729004)","(15.099515438079834, 16.760477304458618)","(11.475157976150513, 13.404721736907959)","(14.161520004272461, 15.994224071502686)","(14.125465631484985, 15.989603996276855)","(14.662195444107056, 16.73964548110962)","(13.0447359085083, 14.999692678451538)","(14.652220964431763, 16.76361346244812)","(13.34040904045105, 15.051053524017334)"
RC106_200_100.csv,obj,"(1464.3700000000001, 1464.3700000000001)","(1527.72, 1487.01)","(1496.94, 1492.1399999999999)","(1653.44, 1586.7800000000002)","(1420.3, 1420.3)","(1463.81, 1463.6700000000005)","(1516.3799999999999, 1461.6699999999998)","(1465.0, 1465.0)","(1596.59, 1498.7099999999996)","(1497.59, 1497.59)","(1468.6799999999998, 1454.65)","(1480.1200000000001, 1467.1200000000008)","(1564.5, 1510.2899721450403)","(1482.09, 1439.11)","(1457.7800000000002, 1444.79)","(1504.82, 1459.8100000000034)","(1522.08, 1505.47)","(1435.25, 1435.25)","(1512.3999999999999, 1483.6800000000426)","(1460.3, 1450.43)"
RC106_200_100.csv,time,"(18.138403177261353, 20.967644214630127)","(18.519172191619873, 33.10573935508728)","(14.73826551437378, 18.273406505584717)","(13.632075071334839, 31.548762559890747)","(17.796420574188232, 19.551560163497925)","(15.037401676177979, 17.611283779144287)","(15.232848882675171, 18.183067798614502)","(15.835235595703125, 18.433760166168213)","(17.651430368423462, 20.79127550125122)","(13.330934286117554, 18.039382219314575)","(17.599457025527954, 20.967253923416138)","(17.234750509262085, 21.16599726676941)","(15.670960187911987, 37.77797794342041)","(19.06575345993042, 22.122011423110962)","(18.05985426902771, 21.146315813064575)","(17.619264602661133, 20.906970739364624)","(17.959723234176636, 25.71138286590576)","(20.650845766067505, 22.577478170394897)","(16.02283525466919, 28.82986545562744)","(17.837940216064453, 20.634130239486694)"
RC107_200_100.csv,obj,"(1319.32, 1297.959999999997)","(1342.79, 1336.0899999999997)","(1473.82, 1403.1800000000003)","(1315.33, 1303.1000000000001)","(1332.01, 1327.5800000000004)","(1272.23, 1272.23)","(1438.8, 1366.39)","(1368.74, 1365.5900000000001)","(1401.48, 1329.1200000000003)","(1319.27, 1313.87)","(1351.5, 1336.0)","(1362.02, 1335.5)","(1357.78, 1353.46)","(1340.0900000000001, 1323.3999999999999)","(1347.86, 1344.9200000000055)","(1341.72, 1340.11000000013)","(1336.74, 1322.31)","(1387.59, 1340.94)","(1314.79, 1314.79)","(1388.98, 1321.19)"
RC107_200_100.csv,time,"(27.365750789642334, 30.970111846923828)","(26.336217880249023, 32.46608257293701)","(16.833051204681396, 23.796247720718384)","(28.80994200706482, 37.010435819625854)","(16.389430284500122, 21.101747274398804)","(25.15382695198059, 27.00226855278015)","(21.987472534179688, 30.476678133010864)","(21.054966688156128, 26.942339420318604)","(28.37957501411438, 32.69105792045593)","(19.727386474609375, 24.42652440071106)","(21.78911852836609, 25.44256281852722)","(28.253157377243042, 38.32892084121704)","(21.870811939239502, 30.765466451644897)","(20.704950094223022, 26.145180702209473)","(20.22553324699402, 27.137925148010254)","(25.776347637176514, 45.37510633468628)","(22.816086053848267, 27.520610809326172)","(20.49469804763794, 24.937995433807373)","(25.375245332717896, 32.41482210159302)","(24.622331142425537, 28.241344451904297)"
RC108_200_100.csv,obj,"(1282.1, 1262.53)","(1402.79, 1366.86)","(1395.1800000000003, 1369.0200000000318)","(1426.6, 1358.55)","(1420.8700000000001, 1354.8300000000002)","(1375.3799999999999, 1287.08)","(1350.9800000000002, 1320.59)","(1330.45, 1309.8400000000001)","(1306.87, 1306.87)","(1382.58, 1377.3600000005692)","(1375.69, 1356.33)","(1357.3300000000002, 1325.579999999994)","(1343.2400000000002, 1318.1866666666665)","(1441.1100000000001, 1375.1000000000013)","(1369.44, 1332.7400000000036)","(1347.02, 1283.63)","(1436.3600000000001, 1406.5000000000052)","(1390.5500000000002, 1377.9)","(1385.3799999999999, 1334.0700000000002)","(1313.23, 1272.1)"
RC108_200_100.csv,time,"(30.178478002548218, 34.20633029937744)","(28.327354431152344, 49.06189012527466)","(18.544999361038208, 22.972986459732056)","(25.803121328353882, 34.22546887397766)","(22.750280618667603, 29.511473178863525)","(26.79003405570984, 32.006819009780884)","(29.12054467201233, 46.298468351364136)","(28.2983455657959, 37.147716999053955)","(22.621992826461792, 28.917274951934814)","(24.212353467941284, 36.75172829627991)","(26.452285051345825, 33.494619607925415)","(29.792946100234985, 34.611186504364014)","(30.309446811676025, 55.35722517967224)","(23.856523275375366, 34.94663882255554)","(30.864954233169556, 65.73002243041992)","(28.60400104522705, 37.54552221298218)","(19.668771982192993, 26.207025289535522)","(26.025471687316895, 31.721988677978516)","(26.018657684326172, 45.28312397003174)","(29.723478078842163, 34.43775749206543)"
RC201_1000_100.csv,obj,"(1338.48, 1338.48)","(1321.99, 1321.5)","(1279.5100000000002, 1279.5100000000002)","(1400.71, 1383.55)","(1319.87, 1319.87)","(1351.54, 1340.42)","(1295.76, 1295.76)","(1319.4499999999998, 1319.4499999999998)","(1360.21, 1348.4500000000003)","(1354.3600000000001, 1328.5800000000204)","(1345.9599999999998, 1323.8400000000006)","(1308.79, 1308.79)","(1313.1999999999998, 1313.1999999999998)","(1361.8200000000002, 1328.0800000000002)","(1283.03, 1283.03)","(1397.02, 1366.71)","(1328.48, 1328.48)","(1300.4299999999998, 1300.4299999999998)","(1364.88, 1357.5500000000002)","(1313.33, 1313.33)"
RC201_1000_100.csv,time,"(45.88559603691101, 53.9627103805542)","(50.90580725669861, 61.2044997215271)","(44.793808698654175, 48.72252535820007)","(37.016197681427, 52.92081618309021)","(55.51724362373352, 62.354636907577515)","(48.114097595214844, 59.653239011764526)","(45.758649587631226, 49.4870285987854)","(50.933128118515015, 60.82179522514343)","(46.149487257003784, 60.10045647621155)","(50.20787835121155, 61.01707315444946)","(55.280399560928345, 66.44447112083435)","(46.02675485610962, 51.17975449562073)","(46.69090247154236, 52.99362850189209)","(48.389575719833374, 58.76723074913025)","(56.86339855194092, 60.87819862365723)","(45.11090612411499, 60.78963494300842)","(42.72294497489929, 55.24925971031189)","(47.18354678153992, 51.96337294578552)","(45.2092170715332, 61.8745014667511)","(52.662073612213135, 61.88356637954712)"
RC202_1000_100.csv,obj,"(1110.0900000000001, 1110.0900000000001)","(1202.7200000000003, 1175.4300000000017)","(1101.77, 1101.77)","(1320.7900000000002, 1283.6399999999999)","(1098.55, 1098.55)","(1127.04, 1127.04)","(1139.04, 1139.04)","(1178.5900000000001, 1178.5900000000001)","(1123.3300000000002, 1123.3300000000002)","(1115.7300000000002, 1115.7300000000002)","(1121.75, 1121.75)","(1293.47, 1253.3300000000017)","(1121.0900000000001, 1121.0900000000001)","(1211.4800000000002, 1204.91)","(1138.0300000000002, 1138.0300000000002)","(1112.92, 1112.92)","(1167.12, 1147.5800000000002)","(1158.22, 1156.3300000000002)","(1111.68, 1111.68)","(1157.99, 1157.99)"
RC202_1000_100.csv,time,"(80.68938875198364, 85.23487901687622)","(79.41435647010803, 179.33349919319153)","(78.64716744422913, 83.58908104896545)","(57.23613166809082, 373.83829617500305)","(63.56370759010315, 68.98549485206604)","(71.58688306808472, 80.36415648460388)","(81.30170440673828, 100.2730598449707)","(65.89741063117981, 97.81014251708984)","(72.35697269439697, 79.06493020057678)","(74.1274528503418, 78.99122262001038)","(84.14567971229553, 88.68564915657043)","(59.91195726394653, 206.13576912879944)","(83.58686828613281, 94.08973240852356)","(77.61699938774109, 331.50120854377747)","(84.23164701461792, 98.82832598686218)","(78.29536938667297, 86.27824425697327)","(74.33776593208313, 86.21566677093506)","(76.13249969482422, 145.96628999710083)","(68.4079692363739, 72.91171789169312)","(74.80667614936829, 98.5880970954895)"
RC203_1000_100.csv,obj,"(976.81, 976.81)","(1070.57, 1058.76)","(1040.46, 1030.2000000000003)","(1037.37, 1037.37)","(1003.0899999999999, 1003.0899999999999)","(1075.05, 1049.8199999999997)","(1010.35, 1007.0900000000013)","(1003.56, 1003.56)","(1023.9399999999998, 1023.9399999999998)","(999.7399999999999, 998.75)","(1043.63, 1043.63)","(1074.96, 1047.15)","(1035.82, 1031.5100000000018)","(1053.77, 1028.8899999999999)","(1031.35, 1020.6899999999999)","(1039.72, 1035.8)","(1130.9, 1057.94)","(2849.55, 2849.55)","(971.53, 971.53)","(1053.5700000000002, 1053.5700000000002)"
RC203_1000_100.csv,time,"(99.88905572891235, 106.53542637825012)","(95.48219799995422, 131.2455039024353)","(105.38614702224731, 145.30962371826172)","(115.80029964447021, 264.03660321235657)","(96.62884998321533, 113.3025336265564)","(95.9255747795105, 119.36102533340454)","(98.79648780822754, 136.24206566810608)","(102.30804419517517, 144.4899172782898)","(123.25744819641113, 168.80783486366272)","(111.40466284751892, 160.03080224990845)","(102.22718071937561, 187.17864346504211)","(109.50609350204468, 149.02406978607178)","(85.90691900253296, 136.97415494918823)","(102.12450551986694, 128.06140089035034)","(110.47876524925232, 155.7118363380432)","(109.25807857513428, 197.98219227790833)","(104.64625549316406, 142.01652455329895)","(1.5983879566192627, 2.3742573261260986)","(102.77133178710938, 109.20728421211243)","(117.098801612854, 308.66119718551636)"
RC204_1000_100.csv,obj,"(972.9799999999999, 972.9799999999999)","(1034.9199999999998, 1026.6100000000001)","(950.4399999999999, 950.4399999999999)","(976.7299999999998, 976.7299999999998)","(1062.16, 1062.16)","(1153.99, 1117.22)","(1121.17, 1020.8700000000001)","(984.26, 984.26)","(1051.65, 1011.0900000000004)","(1036.26, 962.23)","(980.0800000000002, 975.0)","(1054.58, 997.4000000000165)","(1097.1200000000001, 1079.38)","(1274.7, 1234.3100000000081)","(1065.77, 1040.9599999999998)","(1145.59, 1060.56)","(1114.46, 1114.46)","(936.5200000000001, 931.9200000000001)","(1018.6, 972.2600000000001)","(2552.0699999999997, 2548.6899999999996)"
RC204_1000_100.csv,time,"(121.40825915336609, 150.11485052108765)","(143.8897955417633, 161.01887464523315)","(178.25661253929138, 263.4283151626587)","(147.4166066646576, 221.8266453742981)","(182.37705969810486, 206.07318830490112)","(202.64748620986938, 302.3913230895996)","(166.01811242103577, 190.25812578201294)","(166.44537901878357, 249.4310278892517)","(182.52685117721558, 221.88034319877625)","(169.611145734787, 205.10263442993164)","(150.753657579422, 199.77333164215088)","(165.44146633148193, 194.53684377670288)","(130.24413466453552, 158.5259304046631)","(197.18945121765137, 248.23638463020325)","(177.47953248023987, 203.94449615478516)","(158.00217270851135, 217.29123640060425)","(153.82373690605164, 184.57050275802612)","(139.50137996673584, 173.48519444465637)","(169.36851525306702, 203.14419436454773)","(1.6867334842681885, 1.9836111068725586)"
RC205_1000_100.csv,obj,"(1207.81, 1207.81)","(1332.18, 1282.0799999999972)","(1242.6000000000001, 1240.44)","(1295.39, 1283.47)","(1237.56, 1237.56)","(1287.06, 1270.3400000000001)","(1246.6999999999998, 1228.7300000000162)","(1261.15, 1254.8000000000002)","(1257.93, 1234.770000000054)","(1241.6399999999999, 1234.54)","(1251.53, 1226.63)","(1279.83, 1271.72)","(1391.4299999999998, 1316.07)","(1277.9699999999998, 1277.9699999999998)","(1231.7, 1219.34)","(1353.0400000000002, 1313.75)","(1218.28, 1209.3799999999999)","(1228.71, 1228.71)","(1330.17, 1278.8000000000002)","(1263.1999999999998, 1248.92)"
RC205_1000_100.csv,time,"(57.8391387462616, 67.22023510932922)","(64.93596172332764, 126.72959637641907)","(67.59142112731934, 111.75375628471375)","(62.66580009460449, 183.75432229042053)","(63.38460826873779, 90.93415927886963)","(57.55544853210449, 148.22200274467468)","(64.18536186218262, 81.97533392906189)","(55.78696393966675, 81.82664084434509)","(58.526094913482666, 86.43327736854553)","(66.74217295646667, 103.33519577980042)","(59.46741318702698, 77.55089545249939)","(57.5516414642334, 84.69383645057678)","(52.47797775268555, 111.62724566459656)","(61.967631101608276, 91.52801609039307)","(65.35341620445251, 89.70798683166504)","(55.84157204627991, 117.78448843955994)","(59.79502844810486, 76.15578246116638)","(57.792303800582886, 76.87745976448059)","(58.60104584693909, 90.62766623497009)","(67.84938287734985, 141.31176209449768)"
RC206_1000_100.csv,obj,"(1242.6599999999999, 1199.8899999999999)","(1179.6, 1179.6)","(1337.2200000000003, 1261.7224999999999)","(1192.83, 1187.4000000000005)","(1450.2400000000002, 1358.43)","(1323.33, 1244.04)","(1268.7599999999998, 1249.9450000000002)","(1207.32, 1182.5200000000002)","(1303.1299999999999, 1258.6999999999998)","(1197.9499999999998, 1159.419999999998)","(1130.9, 1130.9)","(1170.55, 1170.55)","(1364.05, 1322.77)","(1081.06, 1081.06)","(1093.68, 1093.68)","(1218.2499999999998, 1218.2499999999998)","(1183.5900000000001, 1183.5900000000001)","(1210.36, 1201.9200000000014)","(1100.41, 1100.41)","(1081.99, 1081.99)"
RC206_1000_100.csv,time,"(85.62479448318481, 349.1316611766815)","(74.82980799674988, 165.8203284740448)","(67.87162756919861, 238.71938967704773)","(101.85264039039612, 441.6381285190582)","(75.07093572616577, 546.4898009300232)","(69.79691433906555, 459.8470778465271)","(88.00400996208191, 769.0429494380951)","(87.82065629959106, 144.00479364395142)","(87.97142815589905, 1517.219393491745)","(79.84547472000122, 426.2486515045166)","(74.88660860061646, 103.87553358078003)","(96.56918907165527, 679.5746855735779)","(75.85572028160095, 3328.1683571338654)","(79.4576895236969, 83.37295889854431)","(82.91247177124023, 89.41352534294128)","(88.01722574234009, 912.2887032032013)","(74.13111782073975, 378.7819969654083)","(85.49810099601746, 518.121631860733)","(67.02539396286011, 72.08233785629272)","(79.63361692428589, 83.62757110595703)"
RC207_1000_100.csv,obj,"(1116.63, 1116.63)","(1203.1100000000001, 1179.55)","(1247.38, 1215.3899999999999)","(1146.64, 1131.32)","(1169.5800000000002, 1160.52)","(1280.2799999999997, 1194.59)","(1244.09, 1175.4399999999998)","(1164.16, 1164.16)","(1377.2, 1230.1200000000001)","(1170.9799999999998, 1164.7)","(1135.06, 1079.7399999999998)","(1321.8500000000001, 1238.2199999999998)","(1201.29, 1165.3700000000001)","(1349.91, 1274.5099999999998)","(1165.83, 1165.83)","(1169.73, 1130.3599999999603)","(1144.06, 1138.63)","(1226.15, 1157.06)","(1176.23, 1176.23)","(1161.73, 1127.2299999999998)"
RC207_1000_100.csv,time,"(90.40121817588806, 168.96734070777893)","(115.5042142868042, 991.7019464969635)","(109.60535788536072, 247.4812638759613)","(96.226327419281, 958.6159610748291)","(106.70652747154236, 438.1570882797241)","(109.78662443161011, 342.28756070137024)","(103.36003041267395, 633.174284696579)","(106.71075534820557, 273.9600555896759)","(104.69084978103638, 216.5878221988678)","(124.06847381591797, 827.0082998275757)","(107.8788321018219, 158.76958560943604)","(118.01465463638306, 250.05878067016602)","(105.05366253852844, 244.88987040519714)","(96.18140459060669, 260.5827612876892)","(105.05229091644287, 738.2215526103973)","(102.79156684875488, 242.23851704597473)","(117.14096975326538, 389.94429445266724)","(113.67309951782227, 456.08229804039)","(123.89855909347534, 519.7923853397369)","(144.53487753868103, 1269.3003509044647)"
RC208_1000_100.csv,obj,"(943.23, 943.23)","(2717.7000000000003, 2717.7000000000003)","(865.9599999999999, 865.9599999999999)","(2759.9900000000002, 2759.9900000000002)","(1102.9899999999998, 1102.9899999999998)","(1013.64, 1013.64)","(985.8699999999999, 985.8699999999999)","(1041.79, 1041.79)","(941.8299999999999, 941.8299999999999)","(943.38, 943.38)","(948.2099999999999, 948.2099999999999)","(971.62, 971.62)","(929.2300000000001, 929.2300000000001)","(863.64, 863.64)","(851.5699999999999, 851.5699999999999)","(904.76, 904.76)","(1124.56, 1124.56)","(2744.9100000000003, 2738.11)","(870.76, 870.76)","(966.2600000000001, 966.2600000000001)"
RC208_1000_100.csv,time,"(189.38155603408813, 213.04839301109314)","(1.946730136871338, 2.0995588302612305)","(159.92832827568054, 163.6300880908966)","(1.9972281455993652, 2.075410842895508)","(205.09189653396606, 235.9890866279602)","(205.43826985359192, 226.5829222202301)","(215.15611815452576, 235.9281005859375)","(134.4919023513794, 150.14284825325012)","(170.8823812007904, 197.90558218955994)","(105.66762256622314, 116.7982747554779)","(112.42531538009644, 125.59014391899109)","(124.85499429702759, 148.95711517333984)","(128.59809565544128, 149.6038796901703)","(101.22476243972778, 103.63024020195007)","(105.67203140258789, 107.93216562271118)","(118.42690134048462, 127.52365136146545)","(122.36948847770691, 136.77746891975403)","(1.615821123123169, 1.7179532051086426)","(123.93945932388306, 128.1090075969696)","(122.84700751304626, 141.34241390228271)"
